"CU_Name","NME","Area","SummerRun","Rabcode"
"1 - Southern Coastal Streams","AHTA RIVER",12,TRUE,"90-6210"
"1 - Southern Coastal Streams","AHTA VALLEY CREEK",12,TRUE,"90-6215"
"1 - Southern Coastal Streams","ALLARDYCE CREEK",12,FALSE,"90-6400-100"
"1 - Southern Coastal Streams","BUGHOUSE CREEK",12,TRUE,"90-7400"
"1 - Southern Coastal Streams","CHARLES CREEK",12,FALSE,"90-6600"
"1 - Southern Coastal Streams","COHOE CREEK",12,TRUE,"90-7840"
"1 - Southern Coastal Streams","DRIFTWOOD CREEK",11,FALSE,"90-9500"
"1 - Southern Coastal Streams","EMBLEY CREEK",12,FALSE,"90-7200"
"1 - Southern Coastal Streams","GILFORD CREEK",12,FALSE,"90-6300-250"
"1 - Southern Coastal Streams","HAUSKIN CREEK",12,FALSE,"90-7480"
"1 - Southern Coastal Streams","HOEYA HEAD CREEK",12,FALSE,"90-5898"
"1 - Southern Coastal Streams","HOEYA SOUND CREEK",12,FALSE,"90-5900"
"1 - Southern Coastal Streams","JENNIS BAY CREEK",12,FALSE,"90-7420"
"1 - Southern Coastal Streams","KAKWEIKEN RIVER",12,TRUE,"90-6100"
"1 - Southern Coastal Streams","KENNETH RIVER",12,FALSE,"90-7800"
"1 - Southern Coastal Streams","KINGCOME RIVER",12,TRUE,"90-6500"
"1 - Southern Coastal Streams","LULL CREEK",12,FALSE,"90-6000"
"1 - Southern Coastal Streams","MACKENZIE RIVER",12,FALSE,"90-7100"
"1 - Southern Coastal Streams","MAPLE CREEK",12,FALSE,"90-6300-300"
"1 - Southern Coastal Streams","MARION CREEK",12,FALSE,"90-7500"
"1 - Southern Coastal Streams","MATSIU CREEK",12,FALSE,"90-5800"
"1 - Southern Coastal Streams","MCALISTER CREEK",12,FALSE,"90-6090"
"1 - Southern Coastal Streams","NIMMO CREEK",12,FALSE,"90-7115"
"1 - Southern Coastal Streams","SCOTT COVE CREEK",12,FALSE,"90-6300-370"
"1 - Southern Coastal Streams","SHELTER BAY CREEK",12,FALSE,"90-7910"
"1 - Southern Coastal Streams","SHOAL HARBOUR CREEK",12,FALSE,"90-6300-340"
"1 - Southern Coastal Streams","SIMOOM SOUND CREEK",12,FALSE,"90-6350"
"1 - Southern Coastal Streams","VINER SOUND CREEK",12,TRUE,"90-6300-400"
"1 - Southern Coastal Streams","WAHKANA BAY CREEK",12,FALSE,"90-6300-470"
"1 - Southern Coastal Streams","WAKEMAN RIVER",12,TRUE,"90-6900"
"1 - Southern Coastal Streams","WALDON CREEK",12,FALSE,"90-4800-650"
"2 - North East Vancouver Island","ADAM RIVER",12,FALSE,"92-1600"
"2 - North East Vancouver Island","AMOR DE COSMOS CREEK",13,FALSE,"92-1800"
"2 - North East Vancouver Island","CLUXEWE RIVER",12,FALSE,"92-1100"
"2 - North East Vancouver Island","HYDE CREEK",12,FALSE,"92-1280"
"2 - North East Vancouver Island","KEOGH RIVER",12,FALSE,"92-1000"
"2 - North East Vancouver Island","KOKISH RIVER",12,FALSE,"92-1400"
"2 - North East Vancouver Island","MILLS CREEK",12,FALSE,"92-1210"
"2 - North East Vancouver Island","NAHWITTI RIVER",12,FALSE,"92-0300"
"2 - North East Vancouver Island","NIMPKISH RIVER",12,FALSE,"92-1300"
"2 - North East Vancouver Island","PYE CREEK",13,FALSE,"92-1900"
"2 - North East Vancouver Island","QUATSE RIVER",12,FALSE,"92-0900"
"2 - North East Vancouver Island","SALMON RIVER",13,FALSE,"92-1700"
"2 - North East Vancouver Island","SHUSHARTIE RIVER",12,FALSE,"92-0500"
"2 - North East Vancouver Island","SONGHEES CREEK",12,FALSE,"92-0700"
"2 - North East Vancouver Island","STRANBY RIVER",12,FALSE,"92-0200"
"2 - North East Vancouver Island","TSITIKA RIVER",12,FALSE,"92-1500"
"2 - North East Vancouver Island","TSULQUATE RIVER",12,FALSE,"92-0800"
"3 - Upper Knight","AHNUHATI RIVER",12,TRUE,"90-5500"
"3 - Upper Knight","FRANKLIN RIVER",12,FALSE,"90-5200"
"3 - Upper Knight","KLINAKLINI RIVER",12,FALSE,"90-5300"
"3 - Upper Knight","KWALATE CREEK",12,TRUE,"90-5600"
"3 - Upper Knight","SIM RIVER",12,FALSE,"90-5400"
"4 - Loughborough","APPLE RIVER",13,FALSE,"90-4100"
"4 - Loughborough","BACHUS CREEK",13,FALSE,"29-4460"
"4 - Loughborough","BOUGHEY CREEK",12,FALSE,"90-4700"
"4 - Loughborough","CALL CREEK",12,FALSE,"90-4820"
"4 - Loughborough","CAMELEON HARBOUR CREEK",13,FALSE,"92-2000-750"
"4 - Loughborough","CHONAT CREEK",13,FALSE,"92-2300-970"
"4 - Loughborough","CRACROFT CREEK",12,FALSE,"90-4800-240"
"4 - Loughborough","ELEPHANT CREEK",13,FALSE,"29-6460"
"4 - Loughborough","FANNY BAY CREEK",13,FALSE,"90-3920"
"4 - Loughborough","FRAZER CREEK",13,FALSE,"90-4205"
"4 - Loughborough","FREDERICK ARM CREEK",13,FALSE,"90-3786"
"4 - Loughborough","FULMORE RIVER",12,FALSE,"90-4600"
"4 - Loughborough","GLENDALE CREEK",12,FALSE,"90-4900-010"
"4 - Loughborough","GRANITE BAY CREEK",13,FALSE,"92-2300-810"
"4 - Loughborough","GRASSY CREEK",13,FALSE,"90-4000"
"4 - Loughborough","GRAY CREEK",13,FALSE,"90-4020"
"4 - Loughborough","HEMMING BAY CREEK",13,FALSE,"90-3800-020"
"4 - Loughborough","HEYDON CREEK",13,FALSE,"90-4300"
"4 - Loughborough","KAMANO BAY CREEK",12,FALSE,"90-4830-100"
"4 - Loughborough","KANISH CREEK",13,FALSE,"92-2300-860"
"4 - Loughborough","KNOX BAY CREEK",13,FALSE,"90-3800-100"
"4 - Loughborough","NEW VANCOUVER CREEK",12,FALSE,"90-4830-950"
"4 - Loughborough","OWEN CREEK",13,FALSE,"92-2000-390"
"4 - Loughborough","PHILLIPS RIVER",13,FALSE,"90-3900"
"4 - Loughborough","PORT HARVEY LAGOON CREEKS",12,FALSE,"90-4800-994"
"4 - Loughborough","POTTS LAGOON CREEK",12,FALSE,"90-4800-800"
"4 - Loughborough","PROTECTION POINT CREEK",12,FALSE,"90-4840"
"4 - Loughborough","READ CREEK",13,FALSE,"90-4460"
"4 - Loughborough","ROBBERS KNOB CREEK",12,FALSE,"90-4620"
"4 - Loughborough","SHOAL CREEK",12,FALSE,"90-4590"
"4 - Loughborough","ST. AUBYN CREEK",13,FALSE,"92-2000-420"
"4 - Loughborough","STAFFORD RIVER",13,FALSE,"90-4200"
"4 - Loughborough","THURSTON BAY CREEK",13,FALSE,"92-2000-870"
"4 - Loughborough","TUNA RIVER",12,FALSE,"90-4500"
"4 - Loughborough","VILLAGE BAY CREEK",13,FALSE,"92-2300-200"
"4 - Loughborough","WAIATT BAY CREEK",13,FALSE,"92-2300-070"
"4 - Loughborough","WORTLEY CREEK",13,FALSE,"90-4420"
"5 - Bute Inlet","CUMSACK CREEK",13,FALSE,"90-3600-010"
"5 - Bute Inlet","HOMATHKO RIVER",13,FALSE,"90-3600"
"5 - Bute Inlet","ORFORD RIVER",13,TRUE,"90-3400"
"5 - Bute Inlet","SOUTHGATE RIVER",13,FALSE,"90-3500"
"5 - Bute Inlet","TEAQUAHAN RIVER",13,FALSE,"90-3580"
"6 - Georgia Strait","ANDERSON CREEK",16,FALSE,"90-1690"
"6 - Georgia Strait","ANGUS CREEK",16,FALSE,"90-1915"
"6 - Georgia Strait","ANNIE CREEK",14,FALSE,"92-3520"
"6 - Georgia Strait","BAKER CREEK",16,FALSE,"90-2575"
"6 - Georgia Strait","BECK CREEK",17,FALSE,"92-4295"
"6 - Georgia Strait","BIRD COVE CREEK",13,FALSE,"92-2200-400"
"6 - Georgia Strait","BLACK LAKE CREEK",15,FALSE,"90-3100-510"
"6 - Georgia Strait","BLOODS CREEK",17,FALSE,"92-4100"
"6 - Georgia Strait","BOB CREEK",14,FALSE,"92-3275"
"6 - Georgia Strait","BONELL CREEK",17,FALSE,"92-4000"
"6 - Georgia Strait","BONSALL CREEK",17,FALSE,"92-4706"
"6 - Georgia Strait","BREM RIVER",15,FALSE,"90-3300"
"6 - Georgia Strait","BREM RIVER TRIBUTARY",15,FALSE,"90-3300-010"
"6 - Georgia Strait","BRITTAIN RIVER",16,FALSE,"90-2400"
"6 - Georgia Strait","BROOKLYN CREEK",14,FALSE,"92-2790"
"6 - Georgia Strait","BURNET CREEK",16,FALSE,"90-1910"
"6 - Georgia Strait","BUSH CREEK",17,FALSE,"92-4600"
"6 - Georgia Strait","CAMPBELL RIVER",13,FALSE,"92-2600"
"6 - Georgia Strait","CAMPBELL RIVER",29,FALSE,"90-0080"
"6 - Georgia Strait","CARLSON CREEK",16,FALSE,"90-1900"
"6 - Georgia Strait","CHAPMAN CREEK",16,FALSE,"90-1600"
"6 - Georgia Strait","CHASE RIVER",17,FALSE,"92-4290"
"6 - Georgia Strait","CHASTER CREEK",16,FALSE,"90-1550"
"6 - Georgia Strait","CHEF CREEK",14,FALSE,"92-3414"
"6 - Georgia Strait","CHEMAINUS RIVER",17,FALSE,"92-4700"
"6 - Georgia Strait","COOK CREEK",14,FALSE,"92-3412"
"6 - Georgia Strait","COWICHAN RIVER",18,FALSE,"92-4800"
"6 - Georgia Strait","COWIE CREEK",14,FALSE,"92-3200"
"6 - Georgia Strait","CRANBY CREEK",16,FALSE,"90-2800-770"
"6 - Georgia Strait","DEIGHTON CREEK",15,FALSE,"90-2765"
"6 - Georgia Strait","DEPARTURE CREEK",17,FALSE,"92-4180"
"6 - Georgia Strait","DESERTED RIVER",16,FALSE,"90-2255"
"6 - Georgia Strait","DORISTON CREEK",16,FALSE,"90-1830"
"6 - Georgia Strait","DREW CREEK",13,FALSE,"92-2300-310"
"6 - Georgia Strait","EARLE CREEK",16,FALSE,"90-2140"
"6 - Georgia Strait","ENGLISHMAN RIVER",14,FALSE,"92-3800"
"6 - Georgia Strait","FILER CREEK",15,FALSE,"90-3200-300"
"6 - Georgia Strait","FLUME CREEK",16,FALSE,"90-1580"
"6 - Georgia Strait","FORBES BAY CREEK",15,FALSE,"90-3083"
"6 - Georgia Strait","FORBES CREEK",15,FALSE,"90-3080"
"6 - Georgia Strait","FRENCH CREEK",14,FALSE,"92-3700"
"6 - Georgia Strait","FULFORD CREEK",18,FALSE,"92-4750-200"
"6 - Georgia Strait","GOLDSTREAM RIVER",19,FALSE,"92-5200"
"6 - Georgia Strait","GRAY CREEK",16,FALSE,"90-1920"
"6 - Georgia Strait","HALFMOON CREEK",16,FALSE,"90-1640"
"6 - Georgia Strait","HANSON'S CREEK",13,FALSE,"90-3050-700"
"6 - Georgia Strait","HART CREEK",14,FALSE,"92-2950-800"
"6 - Georgia Strait","HASLAM CREEK",17,FALSE,"92-4300-020"
"6 - Georgia Strait","HIGH CREEK",16,FALSE,"90-2202"
"6 - Georgia Strait","HOLLAND CREEK",17,FALSE,"92-4625"
"6 - Georgia Strait","HUNAECHIN CREEK",16,FALSE,"90-2300-020"
"6 - Georgia Strait","HYACINTHE CREEK",13,FALSE,"92-2300-270"
"6 - Georgia Strait","JEFFERD CREEK",16,FALSE,"90-2585"
"6 - Georgia Strait","KELLY CREEK",15,FALSE,"90-2725-900"
"6 - Georgia Strait","KINGFISHER CREEK",13,FALSE,"92-2600-005"
"6 - Georgia Strait","KITTY COLEMAN CREEK",14,FALSE,"92-2740"
"6 - Georgia Strait","KLITE RIVER",15,FALSE,"90-3200-050"
"6 - Georgia Strait","KNARSTON CREEK",17,FALSE,"92-4050"
"6 - Georgia Strait","KOKSILAH RIVER",18,FALSE,"92-4800-020"
"6 - Georgia Strait","LANG CREEK",15,FALSE,"90-2720"
"6 - Georgia Strait","LITTLE QUALICUM RIVER",14,FALSE,"92-3600"
"6 - Georgia Strait","LITTLE TOBA RIVER",15,FALSE,"90-3200-200"
"6 - Georgia Strait","LOIS RIVER",15,FALSE,"90-2700"
"6 - Georgia Strait","MCNAUGHTON CREEK",14,FALSE,"92-3410"
"6 - Georgia Strait","MENZIES CREEK",13,FALSE,"92-2500"
"6 - Georgia Strait","MILLARD CREEK",14,FALSE,"92-2830"
"6 - Georgia Strait","MILLSTONE RIVER",17,FALSE,"92-4200"
"6 - Georgia Strait","MOHUN CREEK",13,FALSE,"92-2520"
"6 - Georgia Strait","MORRISON CREEK",14,FALSE,"92-2800-020"
"6 - Georgia Strait","MOUAT CREEK",16,FALSE,"90-2800-730"
"6 - Georgia Strait","MURRAY CREEK",29,FALSE,"90-0100-030"
"6 - Georgia Strait","MYRTLE CREEK",15,FALSE,"90-2800-120-950"
"6 - Georgia Strait","NANAIMO RIVER",17,FALSE,"92-4300"
"6 - Georgia Strait","NANOOSE CREEK",17,FALSE,"92-3900"
"6 - Georgia Strait","NAPOLEON CREEK",17,FALSE,"92-4300-020-011"
"6 - Georgia Strait","NICOMEKL RIVER",29,FALSE,"90-0100"
"6 - Georgia Strait","NILE CREEK",14,FALSE,"92-3480"
"6 - Georgia Strait","OKEOVER CREEK",15,FALSE,"90-2950"
"6 - Georgia Strait","OPEN BAY CREEK",13,FALSE,"92-2300-250"
"6 - Georgia Strait","OYSTER RIVER",14,FALSE,"92-2700"
"6 - Georgia Strait","PARK CREEK",16,FALSE,"90-2580-010"
"6 - Georgia Strait","PENDRELL SOUND CREEK",15,FALSE,"90-3100-310"
"6 - Georgia Strait","PORTER CREEK",17,FALSE,"92-4665"
"6 - Georgia Strait","PORTUGUESE CREEK",14,FALSE,"92-2800-010-010"
"6 - Georgia Strait","PUNTLEDGE RIVER",14,FALSE,"92-2800-110-010"
"6 - Georgia Strait","QUALICUM RIVER",14,FALSE,"92-3500"
"6 - Georgia Strait","QUATAM RIVER",13,FALSE,"90-3335"
"6 - Georgia Strait","QUINSAM RIVER",13,FALSE,"92-2600-010"
"6 - Georgia Strait","REFUGE COVE CREEK",15,FALSE,"90-3100-580"
"6 - Georgia Strait","ROBERTS CREEK",16,FALSE,"90-1575"
"6 - Georgia Strait","ROSEWALL CREEK",14,FALSE,"92-3400"
"6 - Georgia Strait","ROY CREEK",14,FALSE,"92-2880"
"6 - Georgia Strait","RUBY CREEK",16,FALSE,"90-1700"
"6 - Georgia Strait","SALMON RIVER",29,FALSE,"00-0300"
"6 - Georgia Strait","SANDY CREEK",14,FALSE,"92-3418"
"6 - Georgia Strait","SECHELT CREEK",16,FALSE,"90-1990"
"6 - Georgia Strait","SERPENTINE RIVER",29,FALSE,"90-0200"
"6 - Georgia Strait","SHAWNIGAN CREEK",19,FALSE,"92-5000"
"6 - Georgia Strait","SIMMS CREEK",13,FALSE,"92-2640"
"6 - Georgia Strait","SKWAWKA RIVER",16,FALSE,"90-2300"
"6 - Georgia Strait","SLIAMMON CREEK",15,FALSE,"90-2910"
"6 - Georgia Strait","SNAKE BAY CREEK",16,FALSE,"90-1903"
"6 - Georgia Strait","STOCKING CREEK",17,FALSE,"92-4650"
"6 - Georgia Strait","STORE CREEK",15,FALSE,"90-3050-200"
"6 - Georgia Strait","STORIE CREEK",14,FALSE,"92-2672"
"6 - Georgia Strait","STORM CREEK",16,FALSE,"90-2060"
"6 - Georgia Strait","TAHUMMING RIVER",15,FALSE,"90-3210"
"6 - Georgia Strait","THEODOSIA RIVER",15,TRUE,"90-3000"
"6 - Georgia Strait","TOBA RIVER",15,FALSE,"90-3200"
"6 - Georgia Strait","TRENT RIVER",14,FALSE,"92-2900"
"6 - Georgia Strait","TSABLE RIVER",14,FALSE,"92-3000"
"6 - Georgia Strait","TSOLUM RIVER",14,FALSE,"92-2800-010"
"6 - Georgia Strait","TSUAHDI CREEK",16,FALSE,"90-2255-010"
"6 - Georgia Strait","TWIN RIVERS",15,FALSE,"29-1001"
"6 - Georgia Strait","TYEE CREEK",17,FALSE,"92-4610"
"6 - Georgia Strait","TZOONIE RIVER",16,FALSE,"90-2100"
"6 - Georgia Strait","VANCOUVER RIVER",16,FALSE,"90-2200"
"6 - Georgia Strait","WAKEFIELD CREEK",16,FALSE,"90-1610"
"6 - Georgia Strait","WALKER CREEK",17,FALSE,"29-4595"
"6 - Georgia Strait","WATERLOO CREEK",14,FALSE,"92-3340"
"6 - Georgia Strait","WEST CREEK",16,FALSE,"90-2600-080"
"6 - Georgia Strait","WHITEROCK PASS CREEK",13,FALSE,"92-2200-900"
"6 - Georgia Strait","WHITTALL CREEK",15,FALSE,"90-2710"
"6 - Georgia Strait","WILFRED CREEK",14,FALSE,"92-3300"
"6 - Georgia Strait","WILLOW CREEK",13,FALSE,"92-2645"
"6 - Georgia Strait","WILSON CREEK",16,FALSE,"90-1595"
"6 - Georgia Strait","WOODS CREEK",14,FALSE,"92-2670"
"7 - Howe Sound-Burrard Inlet","ASHLU CREEK",28,FALSE,"90-1300-140"
"7 - Howe Sound-Burrard Inlet","AVALON CREEK",28,FALSE,"90-1450"
"7 - Howe Sound-Burrard Inlet","B.C. RAIL SPAWNING CHANNEL",28,FALSE,"90-1300-050-015"
"7 - Howe Sound-Burrard Inlet","BISHOP CREEK",16,FALSE,"90-2580"
"7 - Howe Sound-Burrard Inlet","BRANCH 100 CREEK",28,FALSE,"90-1300-145"
"7 - Howe Sound-Burrard Inlet","BRENNAN CHANNEL",28,FALSE,"90-1300-020-007"
"7 - Howe Sound-Burrard Inlet","BROHM RIVER",28,FALSE,"90-1300-050-010-010"
"7 - Howe Sound-Burrard Inlet","BROTHERS CREEK",28,FALSE,"90-0900-010"
"7 - Howe Sound-Burrard Inlet","CAPILANO RIVER",28,FALSE,"90-0900"
"7 - Howe Sound-Burrard Inlet","CENTRE CREEK",28,FALSE,"90-1500-030"
"7 - Howe Sound-Burrard Inlet","CHEAKAMUS RIVER",28,FALSE,"90-1300-050"
"7 - Howe Sound-Burrard Inlet","CHUK-CHUK CREEK",28,FALSE,"90-1300-160"
"7 - Howe Sound-Burrard Inlet","DAKOTA CREEK",28,FALSE,"90-1430-010"
"7 - Howe Sound-Burrard Inlet","DRYDEN CREEK",28,FALSE,"90-1300-030-010"
"7 - Howe Sound-Burrard Inlet","EAGLE CREEK",28,FALSE,"90-0988"
"7 - Howe Sound-Burrard Inlet","HASTINGS CREEK",28,FALSE,"90-0800-020"
"7 - Howe Sound-Burrard Inlet","HOP RANCH CREEK",28,FALSE,"90-1300-030"
"7 - Howe Sound-Burrard Inlet","HUTCHINSON CREEK",28,FALSE,"90-1510"
"7 - Howe Sound-Burrard Inlet","INDIAN RIVER",28,FALSE,"90-0500"
"7 - Howe Sound-Burrard Inlet","JUDD SLOUGH",28,FALSE,"90-1300-040"
"7 - Howe Sound-Burrard Inlet","JULY CREEK",28,FALSE,"90-1300-155"
"7 - Howe Sound-Burrard Inlet","LANGDALE CREEK",28,FALSE,"90-1525"
"7 - Howe Sound-Burrard Inlet","LONG BAY CREEK",28,FALSE,"90-1500-027"
"7 - Howe Sound-Burrard Inlet","LOWER PARADISE CHANNEL",28,FALSE,"90-1300-050-011"
"7 - Howe Sound-Burrard Inlet","LYNN CREEK",28,FALSE,"90-0800"
"7 - Howe Sound-Burrard Inlet","MACKAY CREEK",28,FALSE,"90-0860"
"7 - Howe Sound-Burrard Inlet","MAMQUAM RIVER",28,FALSE,"90-1300-020"
"7 - Howe Sound-Burrard Inlet","MAMQUAM SPAWNING CHANNEL",28,FALSE,"90-1300-020-030"
"7 - Howe Sound-Burrard Inlet","MANNION CREEK",28,FALSE,"90-1500-040"
"7 - Howe Sound-Burrard Inlet","MAPLEWOOD CREEK",28,FALSE,"90-0700-100"
"7 - Howe Sound-Burrard Inlet","MASHITER CREEK",28,FALSE,"90-1300-020-010"
"7 - Howe Sound-Burrard Inlet","MASHITER SPAWNING CHANNEL",28,FALSE,"90-1300-020-006"
"7 - Howe Sound-Burrard Inlet","MCCARTNEY CREEK",28,FALSE,"90-0690"
"7 - Howe Sound-Burrard Inlet","MCNAB CREEK",28,FALSE,"90-1370"
"7 - Howe Sound-Burrard Inlet","MCNAIR CREEK",28,FALSE,"90-1430"
"7 - Howe Sound-Burrard Inlet","MEIGHAN CREEK",28,FALSE,"90-1300-027"
"7 - Howe Sound-Burrard Inlet","MILL CREEK",28,FALSE,"90-1320"
"7 - Howe Sound-Burrard Inlet","MISSION CREEK",28,FALSE,"90-1300-153"
"7 - Howe Sound-Burrard Inlet","MOODY CHANNEL",28,FALSE,"90-1300-050-011-050"
"7 - Howe Sound-Burrard Inlet","MOSQUITO CREEK",28,FALSE,"90-0850"
"7 - Howe Sound-Burrard Inlet","MOSSOM CREEK",28,FALSE,"90-0320"
"7 - Howe Sound-Burrard Inlet","NELSON CREEK",28,FALSE,"90-0990"
"7 - Howe Sound-Burrard Inlet","NOONS CREEK",28,FALSE,"90-0300"
"7 - Howe Sound-Burrard Inlet","OUILLET CREEK",28,FALSE,"90-1490"
"7 - Howe Sound-Burrard Inlet","PILLCHUCK CREEK",28,FALSE,"90-1300-100"
"7 - Howe Sound-Burrard Inlet","POTLATCH CREEK",28,FALSE,"90-1350"
"7 - Howe Sound-Burrard Inlet","RAINY RIVER",28,FALSE,"90-1400"
"7 - Howe Sound-Burrard Inlet","RICHARDS CREEK",28,FALSE,"90-0390"
"7 - Howe Sound-Burrard Inlet","SEYMOUR RIVER",28,FALSE,"90-0700"
"7 - Howe Sound-Burrard Inlet","SHANNON CREEK",16,FALSE,"90-1916"
"7 - Howe Sound-Burrard Inlet","SHOVELNOSE CREEK",28,FALSE,"90-1300-180"
"7 - Howe Sound-Burrard Inlet","SOUTH TWIN CREEK",28,FALSE,"90-1475"
"7 - Howe Sound-Burrard Inlet","SPRING CREEK",28,FALSE,"90-1300-170"
"7 - Howe Sound-Burrard Inlet","SQUAMISH RIVER",28,FALSE,"90-1300"
"7 - Howe Sound-Burrard Inlet","STAWAMUS RIVER",28,FALSE,"90-1200"
"7 - Howe Sound-Burrard Inlet","STAWAMUS SPAWNING CHANNEL",28,FALSE,"90-1200-007"
"7 - Howe Sound-Burrard Inlet","TENDERFOOT CREEK",28,FALSE,"90-1300-050-013"
"7 - Howe Sound-Burrard Inlet","TERMINAL CREEK",28,FALSE,"90-1000-040"
"7 - Howe Sound-Burrard Inlet","THIRTY-SIX MILE CREEK",28,FALSE,"90-1300-207"
"7 - Howe Sound-Burrard Inlet","THIRTY SEVEN MILE CREEK",28,FALSE,"29-0035"
"7 - Howe Sound-Burrard Inlet","TIEMPO SPAWNING CHANNEL",28,FALSE,"90-1300-020-009"
"7 - Howe Sound-Burrard Inlet","TWENTY EIGHT MILE CREEK",28,FALSE,"90-1300-165"
"7 - Howe Sound-Burrard Inlet","UPPER PARADISE CHANNEL",28,FALSE,"90-1300-050-012"
"7 - Howe Sound-Burrard Inlet","WEST BAY CREEK",28,FALSE,"90-1500-035"
"7 - Howe Sound-Burrard Inlet","WHISPERING CREEK",28,FALSE,"90-1500-033"
"7 - Howe Sound-Burrard Inlet","WILDWOOD SPAWNING CHANNEL",28,FALSE,"90-1300-148-010"
"8 - Lower Fraser","ALOUETTE RIVER",29,FALSE,"00-0200-050"
"8 - Lower Fraser","ATCHELITZ CREEK",29,FALSE,"00-0625-010"
"8 - Lower Fraser","BARRETT CREEK",29,FALSE,"00-0600-020-013"
"8 - Lower Fraser","BELCHARTON CREEK",29,FALSE,"00-0500-060-010-010"
"8 - Lower Fraser","BIG SILVER CREEK",29,FALSE,"01-1800"
"8 - Lower Fraser","BLANEY CREEK",29,FALSE,"00-0200-050-020-020"
"8 - Lower Fraser","BOISE CREEK",29,FALSE,"00-0200-750"
"8 - Lower Fraser","BOUCHIER CREEK",29,FALSE,"00-0500-060-010"
"8 - Lower Fraser","BROUSSEAU CREEK",29,FALSE,"00-0552-028"
"8 - Lower Fraser","BRUNETTE RIVER",29,FALSE,"00-0100"
"8 - Lower Fraser","CAMP SLOUGH",29,FALSE,"00-0640-010"
"8 - Lower Fraser","CENTRE CREEK",29,FALSE,"00-0600-020-180"
"8 - Lower Fraser","CHEHALIS RIVER",29,FALSE,"01-0400"
"8 - Lower Fraser","CHILLIWACK CREEK",29,FALSE,"00-0625"
"8 - Lower Fraser","CHILLIWACK RIVER",29,FALSE,"00-0600-020-000-000-000-991"
"8 - Lower Fraser","CHILQUA CREEK",29,FALSE,"00-0500-020-020"
"8 - Lower Fraser","CLAYBURN CREEK",29,FALSE,"00-0460-010"
"8 - Lower Fraser","COGBURN CREEK",29,FALSE,"01-1600"
"8 - Lower Fraser","COHO CREEK",29,FALSE,"00-0200-050-050"
"8 - Lower Fraser","COQUITLAM RIVER",29,FALSE,"00-0180"
"8 - Lower Fraser","DEPOT CREEK",29,FALSE,"00-0600-020-250"
"8 - Lower Fraser","DEROCHE CREEK",29,FALSE,"00-0552-030"
"8 - Lower Fraser","DOUGLAS CREEK",29,FALSE,"01-2600"
"8 - Lower Fraser","DRAPER CREEK",29,FALSE,"00-0500-010"
"8 - Lower Fraser","EAST CREEK",29,FALSE,"01-0500-015"
"8 - Lower Fraser","ELK CREEK",29,FALSE,"00-0640-020"
"8 - Lower Fraser","FIFTEEN MILE CREEK",29,FALSE,"00-0600-020-176"
"8 - Lower Fraser","FOLEY CREEK",29,FALSE,"00-0600-020-160"
"8 - Lower Fraser","FOLEY CREEK SIDE CHANNEL",29,FALSE,"29-3039"
"8 - Lower Fraser","FOURTEEN MILE CREEK",29,FALSE,"00-0600-020-173"
"8 - Lower Fraser","GIESBRECHT SPAWNING CHANNEL",29,FALSE,"00-0600-020-000-000-000-993"
"8 - Lower Fraser","GREYELL SLOUGH",29,FALSE,"00-0660"
"8 - Lower Fraser","HARRISON RIVER",29,FALSE,"01-0000-000-000-000-000-993"
"8 - Lower Fraser","HAWKINS CREEK",29,FALSE,"00-0552-020-015"
"8 - Lower Fraser","HICKS CREEK",29,FALSE,"00-0700-070"
"8 - Lower Fraser","HOPE SLOUGH",29,FALSE,"00-0640"
"8 - Lower Fraser","HOPEDALE SLOUGH",29,FALSE,"00-0600-020-010-010"
"8 - Lower Fraser","HOY CREEK",29,FALSE,"00-0180-100-020"
"8 - Lower Fraser","HYDE CREEK",29,FALSE,"00-0200-060"
"8 - Lower Fraser","INCH CREEK",29,FALSE,"00-0552-020-005"
"8 - Lower Fraser","KANAKA CREEK",29,FALSE,"00-0290"
"8 - Lower Fraser","KELLY CREEK",29,FALSE,"29-1120"
"8 - Lower Fraser","KENWORTHY CREEK",29,FALSE,"00-0500-050"
"8 - Lower Fraser","LAGACE CREEK",29,FALSE,"00-0500-060"
"8 - Lower Fraser","LILLOOET RIVER (LOWER)",29,FALSE,"01-0000-000-000-000-000-991"
"8 - Lower Fraser","LIUMCHEN CREEK",29,FALSE,"00-0600-020-040"
"8 - Lower Fraser","LONZO CREEK",29,FALSE,"00-0600-050"
"8 - Lower Fraser","LORENZETTA CREEK",29,FALSE,"00-0736"
"8 - Lower Fraser","LUCKAKUCK CREEK",29,FALSE,"00-0625-030"
"8 - Lower Fraser","MACINTYRE CREEK",29,FALSE,"00-0200-080"
"8 - Lower Fraser","MAHOOD CREEK",29,FALSE,"00-0740"
"8 - Lower Fraser","MARIA SLOUGH",29,FALSE,"00-0700"
"8 - Lower Fraser","MOUNTAIN SLOUGH",29,FALSE,"00-0665"
"8 - Lower Fraser","NATHAN CREEK",29,FALSE,"00-0360"
"8 - Lower Fraser","NESAKWATCH CREEK",29,FALSE,"00-0600-020-170"
"8 - Lower Fraser","NICOMEN SLOUGH",29,FALSE,"00-0552"
"8 - Lower Fraser","NORRISH CREEK",29,FALSE,"00-0552-020"
"8 - Lower Fraser","NORTH ALOUETTE RIVER",29,FALSE,"00-0200-050-020"
"8 - Lower Fraser","OR CREEK",29,FALSE,"00-0180-150"
"8 - Lower Fraser","PARTINGTON CREEK",29,FALSE,"00-0200-060-001"
"8 - Lower Fraser","PEACH CREEK",29,FALSE,"00-0600-020-015"
"8 - Lower Fraser","PETERS SLOUGH",29,FALSE,"29-6341"
"8 - Lower Fraser","POST CREEK",29,FALSE,"00-0600-020-200"
"8 - Lower Fraser","PURCELL CREEK",29,FALSE,"01-2650"
"8 - Lower Fraser","PYE CREEK",29,FALSE,"00-0552-050"
"8 - Lower Fraser","RYDER CREEK",29,FALSE,"00-0600-020-050"
"8 - Lower Fraser","SAKWI CREEK",29,FALSE,"01-0500-010-010"
"8 - Lower Fraser","SALWEIN CREEK",29,FALSE,"00-0600-020-008"
"8 - Lower Fraser","SCHOOLHOUSE CREEK",29,FALSE,"00-0150-011"
"8 - Lower Fraser","SCOREY CREEK",29,FALSE,"00-0500-080"
"8 - Lower Fraser","SCOTT CREEK",29,FALSE,"00-0180-100"
"8 - Lower Fraser","SIDDLE CREEK",29,FALSE,"00-0552-070"
"8 - Lower Fraser","SILVERDALE CREEK",29,FALSE,"00-0435"
"8 - Lower Fraser","SLESSE CREEK",29,FALSE,"00-0600-020-130"
"8 - Lower Fraser","SLOQUET CREEK",29,FALSE,"01-2700"
"8 - Lower Fraser","SQUAWKUM CREEK",29,FALSE,"01-0100"
"8 - Lower Fraser","STAVE RIVER",29,FALSE,"00-0400"
"8 - Lower Fraser","STEELHEAD CREEK",29,FALSE,"01-0500-010-005"
"8 - Lower Fraser","STREET CREEK",29,FALSE,"00-0600-020-010"
"8 - Lower Fraser","SUMAS RIVER",29,FALSE,"00-0600"
"8 - Lower Fraser","SWELTZER RIVER",29,FALSE,"00-0600-020-020"
"8 - Lower Fraser","TAMIHI CREEK",29,FALSE,"00-0600-020-090"
"8 - Lower Fraser","THURSTON CREEK",29,FALSE,"00-0600-020-115"
"8 - Lower Fraser","TIPELLA CREEK",29,FALSE,"01-2500"
"8 - Lower Fraser","TROUT LAKE CREEK",29,FALSE,"01-0700"
"8 - Lower Fraser","TWENTY MILE CREEK",29,FALSE,"01-1700"
"8 - Lower Fraser","UPPER CHILLIWACK RIVER",29,FALSE,"00-0600-020-000-000-000-992"
"8 - Lower Fraser","UPPER PITT RIVER",29,FALSE,"00-0200"
"8 - Lower Fraser","WADES CREEK",29,FALSE,"00-0550"
"8 - Lower Fraser","WAHLEACH CREEK",29,FALSE,"00-0735"
"8 - Lower Fraser","WAHLEACH SLOUGH",29,FALSE,"00-0685"
"8 - Lower Fraser","WEAVER CREEK",29,FALSE,"01-0500-010"
"8 - Lower Fraser","WEST CREEK",29,FALSE,"00-0330"
"8 - Lower Fraser","WHONNOCK CREEK",29,FALSE,"00-0370"
"8 - Lower Fraser","WIDGEON CREEK",29,FALSE,"00-0200-150"
"8 - Lower Fraser","WORTH CREEK",29,FALSE,"00-0552-020-010"
"8 - Lower Fraser","YORKSON CREEK",29,FALSE,"00-0260"
"9 - Fraser Canyon","AMERICAN CREEK",29,FALSE,"00-0815"
"9 - Fraser Canyon","ANDERSON RIVER",29,FALSE,"00-1000"
"9 - Fraser Canyon","COQUIHALLA RIVER",29,FALSE,"00-0800"
"9 - Fraser Canyon","EMORY CREEK",29,FALSE,"00-0841"
"9 - Fraser Canyon","HUNTER CREEK",29,FALSE,"00-0760"
"9 - Fraser Canyon","KATZ CREEK",29,FALSE,"29-1115"
"9 - Fraser Canyon","KAWKAWA CREEK",29,FALSE,"00-0800-010"
"9 - Fraser Canyon","KAWKAWA LAKE",29,FALSE,"00-0800-010-000-000-000-991"
"9 - Fraser Canyon","KOPP CREEK",29,FALSE,"00-0800-010-030-010"
"9 - Fraser Canyon","MENZ CREEK",29,FALSE,"00-0800-010-030"
"9 - Fraser Canyon","RAILWAY CREEK",29,FALSE,"00-0552-024"
"9 - Fraser Canyon","RANGER CREEK",29,FALSE,"29-1116"
"9 - Fraser Canyon","RUBY CREEK",29,FALSE,"00-0750"
"9 - Fraser Canyon","SETON AND CAYOOSH CREEKS",29,FALSE,"00-1800-000-000-000-000-992"
"9 - Fraser Canyon","SEVEN MILE CREEK",29,FALSE,"00-1417"
"9 - Fraser Canyon","SILVERHOPE CREEK",29,FALSE,"00-0790"
"9 - Fraser Canyon","SPUZZUM CREEK",29,FALSE,"00-0900"
"9 - Fraser Canyon","SQUEAH LAKE CREEK",29,FALSE,"00-0834"
"9 - Fraser Canyon","STEVEN CREEK",29,FALSE,"00-0800-010-020"
"9 - Fraser Canyon","TEXAS CREEK",29,FALSE,"00-1600"
"9 - Fraser Canyon","YALE CREEK",29,FALSE,"00-0860"
