"","CU_Name","Area","Year","AreaTot"
"1","1 - Southern Coastal Streams",11,"1953",1500
"2","1 - Southern Coastal Streams",11,"1954",3500
"3","1 - Southern Coastal Streams",11,"1955",750
"4","1 - Southern Coastal Streams",11,"1956",7500
"5","1 - Southern Coastal Streams",11,"1957",7500
"6","1 - Southern Coastal Streams",11,"1958",3500
"7","1 - Southern Coastal Streams",11,"1959",1500
"8","1 - Southern Coastal Streams",11,"1960",200
"9","1 - Southern Coastal Streams",11,"1961",25
"10","1 - Southern Coastal Streams",11,"1962",200
"11","1 - Southern Coastal Streams",11,"1963",3805.07051710184
"12","1 - Southern Coastal Streams",11,"1964",400
"13","1 - Southern Coastal Streams",11,"1965",200
"14","1 - Southern Coastal Streams",11,"1966",7500
"15","1 - Southern Coastal Streams",11,"1967",8000
"16","1 - Southern Coastal Streams",11,"1968",3500
"17","1 - Southern Coastal Streams",11,"1969",7500
"18","1 - Southern Coastal Streams",11,"1970",7500
"19","1 - Southern Coastal Streams",11,"1971",1500
"20","1 - Southern Coastal Streams",11,"1972",2500
"21","1 - Southern Coastal Streams",11,"1973",7000
"22","1 - Southern Coastal Streams",11,"1974",5500
"23","1 - Southern Coastal Streams",11,"1975",1200
"24","1 - Southern Coastal Streams",11,"1976",3000
"25","1 - Southern Coastal Streams",11,"1977",18000
"26","1 - Southern Coastal Streams",11,"1978",21000
"27","1 - Southern Coastal Streams",11,"1979",1378.07905551782
"28","1 - Southern Coastal Streams",11,"1980",1500
"29","1 - Southern Coastal Streams",11,"1981",2000
"30","1 - Southern Coastal Streams",11,"1982",5000
"31","1 - Southern Coastal Streams",11,"1983",600
"32","1 - Southern Coastal Streams",11,"1984",1500
"33","1 - Southern Coastal Streams",11,"1985",4000
"34","1 - Southern Coastal Streams",11,"1986",1500
"35","1 - Southern Coastal Streams",11,"1987",1000
"36","1 - Southern Coastal Streams",11,"1988",5000
"37","1 - Southern Coastal Streams",11,"1989",850
"38","1 - Southern Coastal Streams",11,"1990",332.043426609165
"39","1 - Southern Coastal Streams",11,"1991",500
"40","1 - Southern Coastal Streams",11,"1992",393
"41","1 - Southern Coastal Streams",11,"1993",1500
"42","1 - Southern Coastal Streams",11,"1994",2200
"43","1 - Southern Coastal Streams",11,"1995",1300
"44","1 - Southern Coastal Streams",11,"1996",2500
"45","1 - Southern Coastal Streams",11,"1997",54
"46","1 - Southern Coastal Streams",11,"1998",1500.62204658322
"47","1 - Southern Coastal Streams",11,"1999",59.5386625552076
"48","1 - Southern Coastal Streams",11,"2000",400
"49","1 - Southern Coastal Streams",11,"2001",655
"50","1 - Southern Coastal Streams",11,"2002",467
"51","1 - Southern Coastal Streams",11,"2003",150
"52","1 - Southern Coastal Streams",11,"2004",676.000936558569
"53","1 - Southern Coastal Streams",11,"2005",337.225575507
"54","1 - Southern Coastal Streams",11,"2006",1351.89072468472
"55","1 - Southern Coastal Streams",11,"2007",37.3725057303875
"56","1 - Southern Coastal Streams",11,"2008",91.1988988797347
"57","1 - Southern Coastal Streams",11,"2009",228.103257962854
"58","1 - Southern Coastal Streams",11,"2010",148.326072566955
"59","1 - Southern Coastal Streams",11,"2011",1175.64077240788
"60","1 - Southern Coastal Streams",11,"2012",317.976050190183
"61","1 - Southern Coastal Streams",11,"2013",1228.45418253679
"62","1 - Southern Coastal Streams",11,"2014",424.796404763379
"63","1 - Southern Coastal Streams",11,"2015",1165.99289031603
"64","1 - Southern Coastal Streams",11,"2016",1245.69387761019
"65","1 - Southern Coastal Streams",11,"2017",284.903222616442
"66","1 - Southern Coastal Streams",11,"2018",439.235233625305
"67","1 - Southern Coastal Streams",12,"1953",26827.751068493
"68","1 - Southern Coastal Streams",12,"1954",46145.4954090487
"69","1 - Southern Coastal Streams",12,"1955",22849.7215250521
"70","1 - Southern Coastal Streams",12,"1956",20981.6804834721
"71","1 - Southern Coastal Streams",12,"1957",23555.0116576208
"72","1 - Southern Coastal Streams",12,"1958",46516.982589211
"73","1 - Southern Coastal Streams",12,"1959",7203.7530359432
"74","1 - Southern Coastal Streams",12,"1960",9443.88613944957
"75","1 - Southern Coastal Streams",12,"1961",14944.4317880275
"76","1 - Southern Coastal Streams",12,"1962",9579.07195743097
"77","1 - Southern Coastal Streams",12,"1963",11358.5488378891
"78","1 - Southern Coastal Streams",12,"1964",6897.8148936052
"79","1 - Southern Coastal Streams",12,"1965",1863.66321036323
"80","1 - Southern Coastal Streams",12,"1966",8542.66027108883
"81","1 - Southern Coastal Streams",12,"1967",10204.7202845896
"82","1 - Southern Coastal Streams",12,"1968",7218.4005844649
"83","1 - Southern Coastal Streams",12,"1969",8642.46692179417
"84","1 - Southern Coastal Streams",12,"1970",12177.5214706656
"85","1 - Southern Coastal Streams",12,"1971",8695.55122117814
"86","1 - Southern Coastal Streams",12,"1972",16154.2063317028
"87","1 - Southern Coastal Streams",12,"1973",40325.264541738
"88","1 - Southern Coastal Streams",12,"1974",20576.1897929442
"89","1 - Southern Coastal Streams",12,"1975",13059.0616538703
"90","1 - Southern Coastal Streams",12,"1976",16912.5155003586
"91","1 - Southern Coastal Streams",12,"1977",30248.7886510211
"92","1 - Southern Coastal Streams",12,"1978",20266.4156140331
"93","1 - Southern Coastal Streams",12,"1979",4113.71568127822
"94","1 - Southern Coastal Streams",12,"1980",5104.5749408726
"95","1 - Southern Coastal Streams",12,"1981",13430.6438618574
"96","1 - Southern Coastal Streams",12,"1982",13736.6323388677
"97","1 - Southern Coastal Streams",12,"1983",9573.84703797257
"98","1 - Southern Coastal Streams",12,"1984",13448.3749769842
"99","1 - Southern Coastal Streams",12,"1985",8891.74408325599
"100","1 - Southern Coastal Streams",12,"1986",1588.49164091299
"101","1 - Southern Coastal Streams",12,"1987",3112.81968925997
"102","1 - Southern Coastal Streams",12,"1988",11832.4153355879
"103","1 - Southern Coastal Streams",12,"1989",2403.67835311656
"104","1 - Southern Coastal Streams",12,"1990",991.185698264765
"105","1 - Southern Coastal Streams",12,"1991",3250.54706231412
"106","1 - Southern Coastal Streams",12,"1992",816.694334407473
"107","1 - Southern Coastal Streams",12,"1993",2351.46893693601
"108","1 - Southern Coastal Streams",12,"1994",4851.03736192375
"109","1 - Southern Coastal Streams",12,"1995",1314.91178143839
"110","1 - Southern Coastal Streams",12,"1996",4314.19759295127
"111","1 - Southern Coastal Streams",12,"1997",223.903395704819
"112","1 - Southern Coastal Streams",12,"1998",4479.51982143843
"113","1 - Southern Coastal Streams",12,"1999",177.729375404852
"114","1 - Southern Coastal Streams",12,"2000",1024.07010169327
"115","1 - Southern Coastal Streams",12,"2001",1043.77457041943
"116","1 - Southern Coastal Streams",12,"2002",1394.0457301523
"117","1 - Southern Coastal Streams",12,"2003",475.910511116222
"118","1 - Southern Coastal Streams",12,"2004",2017.93622952554
"119","1 - Southern Coastal Streams",12,"2005",1006.654975661
"120","1 - Southern Coastal Streams",12,"2006",4035.54066890627
"121","1 - Southern Coastal Streams",12,"2007",111.560989375887
"122","1 - Southern Coastal Streams",12,"2008",272.238620081125
"123","1 - Southern Coastal Streams",12,"2009",680.913003847848
"124","1 - Southern Coastal Streams",12,"2010",442.769439255298
"125","1 - Southern Coastal Streams",12,"2011",3509.41541534937
"126","1 - Southern Coastal Streams",12,"2012",949.193051516741
"127","1 - Southern Coastal Streams",12,"2013",3667.0691816984
"128","1 - Southern Coastal Streams",12,"2014",1268.06341379965
"129","1 - Southern Coastal Streams",12,"2015",3480.61543925697
"130","1 - Southern Coastal Streams",12,"2016",3718.53154423842
"131","1 - Southern Coastal Streams",12,"2017",850.467068511951
"132","1 - Southern Coastal Streams",12,"2018",1311.1648864407
"133","2 - North East Vancouver Island",12,"1953",104172.427890021
"134","2 - North East Vancouver Island",12,"1954",92122.505680975
"135","2 - North East Vancouver Island",12,"1955",99676.1879140154
"136","2 - North East Vancouver Island",12,"1956",54971.7306484745
"137","2 - North East Vancouver Island",12,"1957",63350.4877220362
"138","2 - North East Vancouver Island",12,"1958",78817.6487770053
"139","2 - North East Vancouver Island",12,"1959",31977.7325513022
"140","2 - North East Vancouver Island",12,"1960",54479.3117524025
"141","2 - North East Vancouver Island",12,"1961",59027.6047041705
"142","2 - North East Vancouver Island",12,"1962",24535.0475612334
"143","2 - North East Vancouver Island",12,"1963",21264.9680725505
"144","2 - North East Vancouver Island",12,"1964",32644.984067265
"145","2 - North East Vancouver Island",12,"1965",27235.3410484785
"146","2 - North East Vancouver Island",12,"1966",42814.7929977617
"147","2 - North East Vancouver Island",12,"1967",19919.3672961022
"148","2 - North East Vancouver Island",12,"1968",79026.6154631742
"149","2 - North East Vancouver Island",12,"1969",13885.3710104419
"150","2 - North East Vancouver Island",12,"1970",23227.1448409865
"151","2 - North East Vancouver Island",12,"1971",9030.88546192013
"152","2 - North East Vancouver Island",12,"1972",28095.9014871896
"153","2 - North East Vancouver Island",12,"1973",31040.0076498503
"154","2 - North East Vancouver Island",12,"1974",8111.96703840064
"155","2 - North East Vancouver Island",12,"1975",9314.97940625065
"156","2 - North East Vancouver Island",12,"1976",7229.67987032836
"157","2 - North East Vancouver Island",12,"1977",17128.2737475899
"158","2 - North East Vancouver Island",12,"1978",19246.6887198832
"159","2 - North East Vancouver Island",12,"1979",7371.95970522941
"160","2 - North East Vancouver Island",12,"1980",16943.4679885013
"161","2 - North East Vancouver Island",12,"1981",12083.0127273881
"162","2 - North East Vancouver Island",12,"1982",66286.9282018277
"163","2 - North East Vancouver Island",12,"1983",9039.77542510384
"164","2 - North East Vancouver Island",12,"1984",44620.8679157379
"165","2 - North East Vancouver Island",12,"1985",79910.9819492253
"166","2 - North East Vancouver Island",12,"1986",102217.56841867
"167","2 - North East Vancouver Island",12,"1987",17899.1544707394
"168","2 - North East Vancouver Island",12,"1988",116662.240185805
"169","2 - North East Vancouver Island",12,"1989",28353.9576014125
"170","2 - North East Vancouver Island",12,"1990",90914.3380074467
"171","2 - North East Vancouver Island",12,"1991",87682.6943694984
"172","2 - North East Vancouver Island",12,"1992",140069.521954325
"173","2 - North East Vancouver Island",12,"1993",64645.5348685941
"174","2 - North East Vancouver Island",12,"1994",94768.2001208539
"175","2 - North East Vancouver Island",12,"1995",65647.1977259689
"176","2 - North East Vancouver Island",12,"1996",4604.1542132953
"177","2 - North East Vancouver Island",12,"1997",74283.2720797188
"178","2 - North East Vancouver Island",12,"1998",162972.394283009
"179","2 - North East Vancouver Island",12,"1999",2564.97261360416
"180","2 - North East Vancouver Island",12,"2000",2019.4034389234
"181","2 - North East Vancouver Island",12,"2001",75008.3296027774
"182","2 - North East Vancouver Island",12,"2002",198379.012775545
"183","2 - North East Vancouver Island",12,"2003",25290.4705446109
"184","2 - North East Vancouver Island",12,"2004",10674.2818325979
"185","2 - North East Vancouver Island",12,"2005",51336.7232970504
"186","2 - North East Vancouver Island",12,"2006",50954.6295542996
"187","2 - North East Vancouver Island",12,"2007",16448.8568012587
"188","2 - North East Vancouver Island",12,"2008",7985.09093452023
"189","2 - North East Vancouver Island",12,"2009",14669.2801922581
"190","2 - North East Vancouver Island",12,"2010",20772.6833725718
"191","2 - North East Vancouver Island",12,"2011",81894.1797455588
"192","2 - North East Vancouver Island",12,"2012",21190.8800821383
"193","2 - North East Vancouver Island",12,"2013",15653.729016005
"194","2 - North East Vancouver Island",12,"2014",6518.33187503817
"195","2 - North East Vancouver Island",12,"2015",24320.3936062299
"196","2 - North East Vancouver Island",12,"2016",70040.9517655797
"197","2 - North East Vancouver Island",12,"2017",10484.7094070524
"198","2 - North East Vancouver Island",12,"2018",407.146277758736
"199","2 - North East Vancouver Island",13,"1953",16575
"200","2 - North East Vancouver Island",13,"1954",3725
"201","2 - North East Vancouver Island",13,"1955",975
"202","2 - North East Vancouver Island",13,"1956",975
"203","2 - North East Vancouver Island",13,"1957",4300
"204","2 - North East Vancouver Island",13,"1958",3975
"205","2 - North East Vancouver Island",13,"1959",1025
"206","2 - North East Vancouver Island",13,"1960",1100.17057941635
"207","2 - North East Vancouver Island",13,"1961",1975
"208","2 - North East Vancouver Island",13,"1962",3775
"209","2 - North East Vancouver Island",13,"1963",1975
"210","2 - North East Vancouver Island",13,"1964",1241.55827807167
"211","2 - North East Vancouver Island",13,"1965",500
"212","2 - North East Vancouver Island",13,"1966",3775
"213","2 - North East Vancouver Island",13,"1967",2450
"214","2 - North East Vancouver Island",13,"1968",1900
"215","2 - North East Vancouver Island",13,"1969",800
"216","2 - North East Vancouver Island",13,"1970",3025
"217","2 - North East Vancouver Island",13,"1971",975
"218","2 - North East Vancouver Island",13,"1972",1225
"219","2 - North East Vancouver Island",13,"1973",4345.60863609597
"220","2 - North East Vancouver Island",13,"1974",1526.04099913662
"221","2 - North East Vancouver Island",13,"1975",1623.54097635246
"222","2 - North East Vancouver Island",13,"1976",972.160608290689
"223","2 - North East Vancouver Island",13,"1977",975
"224","2 - North East Vancouver Island",13,"1978",653.769181870307
"225","2 - North East Vancouver Island",13,"1979",792.20709033301
"226","2 - North East Vancouver Island",13,"1980",572.326042420788
"227","2 - North East Vancouver Island",13,"1981",312.441219877921
"228","2 - North East Vancouver Island",13,"1982",878.57534614261
"229","2 - North East Vancouver Island",13,"1983",412.720932790773
"230","2 - North East Vancouver Island",13,"1984",1153.80151607424
"231","2 - North East Vancouver Island",13,"1985",1299.80382113585
"232","2 - North East Vancouver Island",13,"1986",550
"233","2 - North East Vancouver Island",13,"1987",299.170176511703
"234","2 - North East Vancouver Island",13,"1988",560
"235","2 - North East Vancouver Island",13,"1989",682.407232775067
"236","2 - North East Vancouver Island",13,"1990",2350.85299604584
"237","2 - North East Vancouver Island",13,"1991",1052.18246501476
"238","2 - North East Vancouver Island",13,"1992",2391.83865705496
"239","2 - North East Vancouver Island",13,"1993",1244.69360109271
"240","2 - North East Vancouver Island",13,"1994",1689.40388264614
"241","2 - North East Vancouver Island",13,"1995",1697.4980496857
"242","2 - North East Vancouver Island",13,"1996",116.228468023791
"243","2 - North East Vancouver Island",13,"1997",949.690203913688
"244","2 - North East Vancouver Island",13,"1998",2431.18302543656
"245","2 - North East Vancouver Island",13,"1999",63.6720367360365
"246","2 - North East Vancouver Island",13,"2000",1076.43392936709
"247","2 - North East Vancouver Island",13,"2001",965.273592583715
"248","2 - North East Vancouver Island",13,"2002",917.480543930859
"249","2 - North East Vancouver Island",13,"2003",464.587766333735
"250","2 - North East Vancouver Island",13,"2004",375.856443383694
"251","2 - North East Vancouver Island",13,"2005",878.079529091321
"252","2 - North East Vancouver Island",13,"2006",402.762886168209
"253","2 - North East Vancouver Island",13,"2007",447.65279361235
"254","2 - North East Vancouver Island",13,"2008",547.053057588938
"255","2 - North East Vancouver Island",13,"2009",799.796001646898
"256","2 - North East Vancouver Island",13,"2010",179.611146343952
"257","2 - North East Vancouver Island",13,"2011",4110.87936584046
"258","2 - North East Vancouver Island",13,"2012",652.017472713421
"259","2 - North East Vancouver Island",13,"2013",509.672002589193
"260","2 - North East Vancouver Island",13,"2014",155.88476111854
"261","2 - North East Vancouver Island",13,"2015",927.465379231321
"262","2 - North East Vancouver Island",13,"2016",1959.20330454938
"263","2 - North East Vancouver Island",13,"2017",334.23177037862
"264","2 - North East Vancouver Island",13,"2018",55.2493498753162
"265","3 - Upper Knight",12,"1953",17250
"266","3 - Upper Knight",12,"1954",6500
"267","3 - Upper Knight",12,"1955",4650
"268","3 - Upper Knight",12,"1956",18000
"269","3 - Upper Knight",12,"1957",38900
"270","3 - Upper Knight",12,"1958",40000
"271","3 - Upper Knight",12,"1959",20000
"272","3 - Upper Knight",12,"1960",19250
"273","3 - Upper Knight",12,"1961",42000
"274","3 - Upper Knight",12,"1962",16500
"275","3 - Upper Knight",12,"1963",9750
"276","3 - Upper Knight",12,"1964",16500
"277","3 - Upper Knight",12,"1965",2275
"278","3 - Upper Knight",12,"1966",4342.34035400659
"279","3 - Upper Knight",12,"1967",998.240048114959
"280","3 - Upper Knight",12,"1968",1350
"281","3 - Upper Knight",12,"1969",128.805167498704
"282","3 - Upper Knight",12,"1970",11119.3549385062
"283","3 - Upper Knight",12,"1971",1111.93549385062
"284","3 - Upper Knight",12,"1972",39804.7865783938
"285","3 - Upper Knight",12,"1973",34237.6835604366
"286","3 - Upper Knight",12,"1974",9185.71997962933
"287","3 - Upper Knight",12,"1975",7775
"288","3 - Upper Knight",12,"1976",20600
"289","3 - Upper Knight",12,"1977",1180
"290","3 - Upper Knight",12,"1978",8895.48395080496
"291","3 - Upper Knight",12,"1979",2155.5965767463
"292","3 - Upper Knight",12,"1980",4883.41241670963
"293","3 - Upper Knight",12,"1981",444.774197540248
"294","3 - Upper Knight",12,"1982",5011.81115593358
"295","3 - Upper Knight",12,"1983",1037.80646092725
"296","3 - Upper Knight",12,"1984",4809.66756810743
"297","3 - Upper Knight",12,"1985",15.4566200998445
"298","3 - Upper Knight",12,"1986",5890.04414542999
"299","3 - Upper Knight",12,"1987",3435.85908483416
"300","3 - Upper Knight",12,"1988",2945.022072715
"301","3 - Upper Knight",12,"1989",2153.4236907282
"302","3 - Upper Knight",12,"1990",2699.60356665541
"303","3 - Upper Knight",12,"1991",4332.94412931033
"304","3 - Upper Knight",12,"1992",148.258065846749
"305","3 - Upper Knight",12,"1993",1114.90065516755
"306","3 - Upper Knight",12,"1994",148.258065846749
"307","3 - Upper Knight",12,"1995",237.212905354799
"308","3 - Upper Knight",12,"1996",2813.51663318425
"309","3 - Upper Knight",12,"1997",2223.87098770124
"310","3 - Upper Knight",12,"1998",14148.2672237553
"311","3 - Upper Knight",12,"1999",131.949678603607
"312","3 - Upper Knight",12,"2000",3716.82971077801
"313","3 - Upper Knight",12,"2001",515.938069146688
"314","3 - Upper Knight",12,"2002",3706.45164616873
"315","3 - Upper Knight",12,"2003",7578.95232608583
"316","3 - Upper Knight",12,"2004",9941.61916455333
"317","3 - Upper Knight",12,"2005",4522.94914142735
"318","3 - Upper Knight",12,"2006",3814.9646203192
"319","3 - Upper Knight",12,"2007",5742.10479792012
"320","3 - Upper Knight",12,"2008",4450.35872290964
"321","3 - Upper Knight",12,"2009",5868.5459604799
"322","3 - Upper Knight",12,"2010",2604.25906942165
"323","3 - Upper Knight",12,"2011",5574.13518611302
"324","3 - Upper Knight",12,"2012",8644.53987109136
"325","3 - Upper Knight",12,"2013",8704.21628885133
"326","3 - Upper Knight",12,"2014",3879.72639514342
"327","3 - Upper Knight",12,"2015",4514.44252134762
"328","3 - Upper Knight",12,"2016",11898.025052456
"329","3 - Upper Knight",12,"2017",3926.85738958204
"330","3 - Upper Knight",12,"2018",3082.76893717184
"331","4 - Loughborough",12,"1953",13404.1328802252
"332","4 - Loughborough",12,"1954",16625
"333","4 - Loughborough",12,"1955",6540.93532997594
"334","4 - Loughborough",12,"1956",7172.40013646414
"335","4 - Loughborough",12,"1957",17359.4722419514
"336","4 - Loughborough",12,"1958",7480.27727279524
"337","4 - Loughborough",12,"1959",3539.17368785828
"338","4 - Loughborough",12,"1960",3456.94588702345
"339","4 - Loughborough",12,"1961",10382.448017884
"340","4 - Loughborough",12,"1962",6373.98625818422
"341","4 - Loughborough",12,"1963",42250.8710952792
"342","4 - Loughborough",12,"1964",80632.8449641091
"343","4 - Loughborough",12,"1965",1262.28078645515
"344","4 - Loughborough",12,"1966",17661.6375898449
"345","4 - Loughborough",12,"1967",43232.293652979
"346","4 - Loughborough",12,"1968",25085.3824872599
"347","4 - Loughborough",12,"1969",3584.46126188724
"348","4 - Loughborough",12,"1970",42956.2560819241
"349","4 - Loughborough",12,"1971",1621.47840535469
"350","4 - Loughborough",12,"1972",25823.1134638864
"351","4 - Loughborough",12,"1973",51241.3467210761
"352","4 - Loughborough",12,"1974",6062.11607310563
"353","4 - Loughborough",12,"1975",2909.8630883651
"354","4 - Loughborough",12,"1976",7415.91496378909
"355","4 - Loughborough",12,"1977",2025.58682417147
"356","4 - Loughborough",12,"1978",2851.50043205334
"357","4 - Loughborough",12,"1979",3251.84504349929
"358","4 - Loughborough",12,"1980",2560.25374150742
"359","4 - Loughborough",12,"1981",5609.89730783975
"360","4 - Loughborough",12,"1982",7192.55998259685
"361","4 - Loughborough",12,"1983",4493.6529262845
"362","4 - Loughborough",12,"1984",3006.72070872645
"363","4 - Loughborough",12,"1985",8048.9077868345
"364","4 - Loughborough",12,"1986",5610.78873007057
"365","4 - Loughborough",12,"1987",2619.9324275634
"366","4 - Loughborough",12,"1988",14526.6346944611
"367","4 - Loughborough",12,"1989",5954.52429354206
"368","4 - Loughborough",12,"1990",24317.375139998
"369","4 - Loughborough",12,"1991",3890.6403520632
"370","4 - Loughborough",12,"1992",13580.6155494152
"371","4 - Loughborough",12,"1993",14139.4490986896
"372","4 - Loughborough",12,"1994",9714.53079547713
"373","4 - Loughborough",12,"1995",9052.49012702495
"374","4 - Loughborough",12,"1996",4811.18574872101
"375","4 - Loughborough",12,"1997",2648.71172719933
"376","4 - Loughborough",12,"1998",11514.5613557157
"377","4 - Loughborough",12,"1999",1573.67204738893
"378","4 - Loughborough",12,"2000",2510.17859739845
"379","4 - Loughborough",12,"2001",10925.7576690642
"380","4 - Loughborough",12,"2002",12444.4775844422
"381","4 - Loughborough",12,"2003",1894.40333916781
"382","4 - Loughborough",12,"2004",4170.19115629918
"383","4 - Loughborough",12,"2005",4244.36232531123
"384","4 - Loughborough",12,"2006",2600.68228565666
"385","4 - Loughborough",12,"2007",5081.9232990273
"386","4 - Loughborough",12,"2008",5351.56251210112
"387","4 - Loughborough",12,"2009",6420.99127740243
"388","4 - Loughborough",12,"2010",423.729042274916
"389","4 - Loughborough",12,"2011",12680.8807365219
"390","4 - Loughborough",12,"2012",7990.5238848013
"391","4 - Loughborough",12,"2013",3125.26014765606
"392","4 - Loughborough",12,"2014",2285.73142592317
"393","4 - Loughborough",12,"2015",3599.75539042693
"394","4 - Loughborough",12,"2016",3260.67714264957
"395","4 - Loughborough",12,"2017",1790.88093801809
"396","4 - Loughborough",12,"2018",1638.61111631786
"397","4 - Loughborough",13,"1953",13231.2298362308
"398","4 - Loughborough",13,"1954",16774.9725751493
"399","4 - Loughborough",13,"1955",4123.3612310473
"400","4 - Loughborough",13,"1956",7818.29654955528
"401","4 - Loughborough",13,"1957",39311.2268085903
"402","4 - Loughborough",13,"1958",30931.235802388
"403","4 - Loughborough",13,"1959",20422.1368699678
"404","4 - Loughborough",13,"1960",5145.48579247461
"405","4 - Loughborough",13,"1961",14250.7807485173
"406","4 - Loughborough",13,"1962",14320.7746891343
"407","4 - Loughborough",13,"1963",22021.2359659556
"408","4 - Loughborough",13,"1964",33874.9027038858
"409","4 - Loughborough",13,"1965",4259.87456135596
"410","4 - Loughborough",13,"1966",14719.3465341149
"411","4 - Loughborough",13,"1967",25057.8787555578
"412","4 - Loughborough",13,"1968",67365.0153271114
"413","4 - Loughborough",13,"1969",20515.6590203549
"414","4 - Loughborough",13,"1970",114669.049791324
"415","4 - Loughborough",13,"1971",18445.6592919338
"416","4 - Loughborough",13,"1972",57902.1639764057
"417","4 - Loughborough",13,"1973",80813.4907534292
"418","4 - Loughborough",13,"1974",26436.4861701863
"419","4 - Loughborough",13,"1975",18194.914315836
"420","4 - Loughborough",13,"1976",9204.95602830212
"421","4 - Loughborough",13,"1977",32865.6290790665
"422","4 - Loughborough",13,"1978",17938.0356146886
"423","4 - Loughborough",13,"1979",10011.4178472694
"424","4 - Loughborough",13,"1980",14789.6179786127
"425","4 - Loughborough",13,"1981",17314.810310167
"426","4 - Loughborough",13,"1982",43490.3418132031
"427","4 - Loughborough",13,"1983",12627.3979763554
"428","4 - Loughborough",13,"1984",19864.416485874
"429","4 - Loughborough",13,"1985",42799.9500349384
"430","4 - Loughborough",13,"1986",34972.7588341252
"431","4 - Loughborough",13,"1987",16778.3838828983
"432","4 - Loughborough",13,"1988",77771.4356469672
"433","4 - Loughborough",13,"1989",6691.43762226077
"434","4 - Loughborough",13,"1990",82647.2458080038
"435","4 - Loughborough",13,"1991",11855.3820456656
"436","4 - Loughborough",13,"1992",25394.8243131016
"437","4 - Loughborough",13,"1993",9633.30104687213
"438","4 - Loughborough",13,"1994",8067.90794668067
"439","4 - Loughborough",13,"1995",19569.7795932171
"440","4 - Loughborough",13,"1996",10764.3959150205
"441","4 - Loughborough",13,"1997",5623.90003307397
"442","4 - Loughborough",13,"1998",34844.8016434644
"443","4 - Loughborough",13,"1999",6237.29911577798
"444","4 - Loughborough",13,"2000",2339.83363174017
"445","4 - Loughborough",13,"2001",38695.1310149486
"446","4 - Loughborough",13,"2002",35978.4024233032
"447","4 - Loughborough",13,"2003",12868.4791283371
"448","4 - Loughborough",13,"2004",13762.9197164067
"449","4 - Loughborough",13,"2005",14007.707498579
"450","4 - Loughborough",13,"2006",9031.32422749578
"451","4 - Loughborough",13,"2007",22295.8049380754
"452","4 - Loughborough",13,"2008",17661.8103225615
"453","4 - Loughborough",13,"2009",33698.1940200968
"454","4 - Loughborough",13,"2010",3334.55377590685
"455","4 - Loughborough",13,"2011",58414.7375094931
"456","4 - Loughborough",13,"2012",26454.7806377042
"457","4 - Loughborough",13,"2013",15315.5166186509
"458","4 - Loughborough",13,"2014",8190.51064052976
"459","4 - Loughborough",13,"2015",13201.884545651
"460","4 - Loughborough",13,"2016",16211.5560913423
"461","4 - Loughborough",13,"2017",7672.84108726182
"462","4 - Loughborough",13,"2018",7930.98225542261
"463","5 - Bute Inlet",13,"1953",25500
"464","5 - Bute Inlet",13,"1954",18000
"465","5 - Bute Inlet",13,"1955",7950
"466","5 - Bute Inlet",13,"1956",4850
"467","5 - Bute Inlet",13,"1957",89500
"468","5 - Bute Inlet",13,"1958",20750
"469","5 - Bute Inlet",13,"1959",16150
"470","5 - Bute Inlet",13,"1960",5600
"471","5 - Bute Inlet",13,"1961",8150
"472","5 - Bute Inlet",13,"1962",8500
"473","5 - Bute Inlet",13,"1963",8150
"474","5 - Bute Inlet",13,"1964",23446.1842477849
"475","5 - Bute Inlet",13,"1965",2662.01218533802
"476","5 - Bute Inlet",13,"1966",12150
"477","5 - Bute Inlet",13,"1967",11275
"478","5 - Bute Inlet",13,"1968",19146.0107176235
"479","5 - Bute Inlet",13,"1969",7998.94149773577
"480","5 - Bute Inlet",13,"1970",11225
"481","5 - Bute Inlet",13,"1971",5194.11785567258
"482","5 - Bute Inlet",13,"1972",155823.535670177
"483","5 - Bute Inlet",13,"1973",44150.0017732169
"484","5 - Bute Inlet",13,"1974",43718.4308899744
"485","5 - Bute Inlet",13,"1975",7271.76499794161
"486","5 - Bute Inlet",13,"1976",15582.3535670177
"487","5 - Bute Inlet",13,"1977",88300.0035464338
"488","5 - Bute Inlet",13,"1978",176600.007092868
"489","5 - Bute Inlet",13,"1979",36358.824989708
"490","5 - Bute Inlet",13,"1980",148483.968145633
"491","5 - Bute Inlet",13,"1981",131151.475855733
"492","5 - Bute Inlet",13,"1982",207764.714226903
"493","5 - Bute Inlet",13,"1983",85517.1414539839
"494","5 - Bute Inlet",13,"1984",109076.474969124
"495","5 - Bute Inlet",13,"1985",79470.0031917904
"496","5 - Bute Inlet",13,"1986",274392.025257919
"497","5 - Bute Inlet",13,"1987",82586.473905194
"498","5 - Bute Inlet",13,"1988",112712.357468095
"499","5 - Bute Inlet",13,"1989",22854.1185649593
"500","5 - Bute Inlet",13,"1990",12465.8828536142
"501","5 - Bute Inlet",13,"1991",44934.1556099485
"502","5 - Bute Inlet",13,"1992",197376.478515558
"503","5 - Bute Inlet",13,"1993",200492.949228961
"504","5 - Bute Inlet",13,"1994",106479.416041288
"505","5 - Bute Inlet",13,"1995",59212.9435546674
"506","5 - Bute Inlet",13,"1996",24572.420172351
"507","5 - Bute Inlet",13,"1997",27797.550319972
"508","5 - Bute Inlet",13,"1998",20686.2217012129
"509","5 - Bute Inlet",13,"1999",10392.0860312234
"510","5 - Bute Inlet",13,"2000",10343.1108506064
"511","5 - Bute Inlet",13,"2001",51715.5542530322
"512","5 - Bute Inlet",13,"2002",58772.1416308584
"513","5 - Bute Inlet",13,"2003",34500.7391310541
"514","5 - Bute Inlet",13,"2004",1247.5836145821
"515","5 - Bute Inlet",13,"2005",35360.1577954624
"516","5 - Bute Inlet",13,"2006",29825.1752872954
"517","5 - Bute Inlet",13,"2007",507.491639830007
"518","5 - Bute Inlet",13,"2008",34792.6500537293
"519","5 - Bute Inlet",13,"2009",45879.9567945187
"520","5 - Bute Inlet",13,"2010",20359.9485104873
"521","5 - Bute Inlet",13,"2011",43578.2701929728
"522","5 - Bute Inlet",13,"2012",67582.5184747694
"523","5 - Bute Inlet",13,"2013",68049.0652969153
"524","5 - Bute Inlet",13,"2014",30331.4791402227
"525","5 - Bute Inlet",13,"2015",35293.6535260311
"526","5 - Bute Inlet",13,"2016",93018.0796099863
"527","5 - Bute Inlet",13,"2017",30699.9465601063
"528","5 - Bute Inlet",13,"2018",24100.9112985395
"529","6 - Georgia Strait",13,"1953",8469.7530045945
"530","6 - Georgia Strait",13,"1954",19524.9120607433
"531","6 - Georgia Strait",13,"1955",3957.25333728072
"532","6 - Georgia Strait",13,"1956",4000.34078738063
"533","6 - Georgia Strait",13,"1957",7863.85236219092
"534","6 - Georgia Strait",13,"1958",24998.2715812282
"535","6 - Georgia Strait",13,"1959",7920.42071746249
"536","6 - Georgia Strait",13,"1960",2599.69323965881
"537","6 - Georgia Strait",13,"1961",5498.10193416359
"538","6 - Georgia Strait",13,"1962",4379.57334761135
"539","6 - Georgia Strait",13,"1963",8697.06131916842
"540","6 - Georgia Strait",13,"1964",7246.52651389322
"541","6 - Georgia Strait",13,"1965",3102.07015658924
"542","6 - Georgia Strait",13,"1966",6524.57180806398
"543","6 - Georgia Strait",13,"1967",8426.33310145274
"544","6 - Georgia Strait",13,"1968",16819.9630957332
"545","6 - Georgia Strait",13,"1969",10676.349551642
"546","6 - Georgia Strait",13,"1970",10059.9220961853
"547","6 - Georgia Strait",13,"1971",6550.23767677875
"548","6 - Georgia Strait",13,"1972",22304.2737006365
"549","6 - Georgia Strait",13,"1973",18628.0227324609
"550","6 - Georgia Strait",13,"1974",10417.3207356927
"551","6 - Georgia Strait",13,"1975",13034.3714049384
"552","6 - Georgia Strait",13,"1976",12002.4577763859
"553","6 - Georgia Strait",13,"1977",15995.7459645606
"554","6 - Georgia Strait",13,"1978",16146.0991246977
"555","6 - Georgia Strait",13,"1979",12221.2758537003
"556","6 - Georgia Strait",13,"1980",13712.6077311068
"557","6 - Georgia Strait",13,"1981",16701.4072113413
"558","6 - Georgia Strait",13,"1982",7226.4104079848
"559","6 - Georgia Strait",13,"1983",10943.1886220344
"560","6 - Georgia Strait",13,"1984",17472.2350133775
"561","6 - Georgia Strait",13,"1985",17961.2928063167
"562","6 - Georgia Strait",13,"1986",13920.5766858245
"563","6 - Georgia Strait",13,"1987",6031.21238890001
"564","6 - Georgia Strait",13,"1988",4491.95482842799
"565","6 - Georgia Strait",13,"1989",3417.39456923149
"566","6 - Georgia Strait",13,"1990",3592.4235974027
"567","6 - Georgia Strait",13,"1991",8820.15204694438
"568","6 - Georgia Strait",13,"1992",24442.4194883041
"569","6 - Georgia Strait",13,"1993",19424.597043491
"570","6 - Georgia Strait",13,"1994",13464.683370881
"571","6 - Georgia Strait",13,"1995",6668.17550594799
"572","6 - Georgia Strait",13,"1996",9922.27483064616
"573","6 - Georgia Strait",13,"1997",22654.0719599628
"574","6 - Georgia Strait",13,"1998",14793.6122726786
"575","6 - Georgia Strait",13,"1999",5991.88404170183
"576","6 - Georgia Strait",13,"2000",4945.0173588738
"577","6 - Georgia Strait",13,"2001",37687
"578","6 - Georgia Strait",13,"2002",44746.6172211727
"579","6 - Georgia Strait",13,"2003",22279.1709416661
"580","6 - Georgia Strait",13,"2004",49525.160142182
"581","6 - Georgia Strait",13,"2005",55815.572758112
"582","6 - Georgia Strait",13,"2006",15680.4615897486
"583","6 - Georgia Strait",13,"2007",7300.9052261889
"584","6 - Georgia Strait",13,"2008",21739.275459658
"585","6 - Georgia Strait",13,"2009",13374.3592806634
"586","6 - Georgia Strait",13,"2010",3592.91273156444
"587","6 - Georgia Strait",13,"2011",23685.9745823967
"588","6 - Georgia Strait",13,"2012",18563.7595609492
"589","6 - Georgia Strait",13,"2013",32770.1764064791
"590","6 - Georgia Strait",13,"2014",23068.3625389965
"591","6 - Georgia Strait",13,"2015",23760.9522132633
"592","6 - Georgia Strait",13,"2016",46942.0862704251
"593","6 - Georgia Strait",13,"2017",29218.1497636037
"594","6 - Georgia Strait",13,"2018",8099.90120054313
"595","6 - Georgia Strait",14,"1953",160042.778862988
"596","6 - Georgia Strait",14,"1954",169961.134695852
"597","6 - Georgia Strait",14,"1955",125296.430371828
"598","6 - Georgia Strait",14,"1956",82954.9825079974
"599","6 - Georgia Strait",14,"1957",148641.82334273
"600","6 - Georgia Strait",14,"1958",166222.434419512
"601","6 - Georgia Strait",14,"1959",177917.870406447
"602","6 - Georgia Strait",14,"1960",166141.657760359
"603","6 - Georgia Strait",14,"1961",78768.8581838535
"604","6 - Georgia Strait",14,"1962",116334.724759214
"605","6 - Georgia Strait",14,"1963",154493.590405442
"606","6 - Georgia Strait",14,"1964",122435.72985616
"607","6 - Georgia Strait",14,"1965",40208.9739155161
"608","6 - Georgia Strait",14,"1966",148001.401192283
"609","6 - Georgia Strait",14,"1967",118802.849450914
"610","6 - Georgia Strait",14,"1968",338477.127944139
"611","6 - Georgia Strait",14,"1969",231435.845352816
"612","6 - Georgia Strait",14,"1970",293410.559733761
"613","6 - Georgia Strait",14,"1971",165574.97363909
"614","6 - Georgia Strait",14,"1972",247508.223022863
"615","6 - Georgia Strait",14,"1973",320831.394727113
"616","6 - Georgia Strait",14,"1974",232483.43505039
"617","6 - Georgia Strait",14,"1975",179995.545787869
"618","6 - Georgia Strait",14,"1976",163301.204988823
"619","6 - Georgia Strait",14,"1977",196654.349366876
"620","6 - Georgia Strait",14,"1978",304447.868272404
"621","6 - Georgia Strait",14,"1979",201314.221521616
"622","6 - Georgia Strait",14,"1980",250536.798451725
"623","6 - Georgia Strait",14,"1981",240095.510877157
"624","6 - Georgia Strait",14,"1982",269002.046166432
"625","6 - Georgia Strait",14,"1983",307598.354255549
"626","6 - Georgia Strait",14,"1984",295241.811169647
"627","6 - Georgia Strait",14,"1985",513260.289201527
"628","6 - Georgia Strait",14,"1986",511017.859877149
"629","6 - Georgia Strait",14,"1987",265481.476495778
"630","6 - Georgia Strait",14,"1988",261210.38596169
"631","6 - Georgia Strait",14,"1989",164359.147905004
"632","6 - Georgia Strait",14,"1990",275747.490843805
"633","6 - Georgia Strait",14,"1991",276902.976204905
"634","6 - Georgia Strait",14,"1992",367046.98258974
"635","6 - Georgia Strait",14,"1993",514819.076685048
"636","6 - Georgia Strait",14,"1994",460743.026302362
"637","6 - Georgia Strait",14,"1995",213231.677748512
"638","6 - Georgia Strait",14,"1996",155034.898632471
"639","6 - Georgia Strait",14,"1997",327760.606159101
"640","6 - Georgia Strait",14,"1998",765600.645248212
"641","6 - Georgia Strait",14,"1999",334909.838290443
"642","6 - Georgia Strait",14,"2000",94219.0419098071
"643","6 - Georgia Strait",14,"2001",412599.699535699
"644","6 - Georgia Strait",14,"2002",472151.15465612
"645","6 - Georgia Strait",14,"2003",337178.825732457
"646","6 - Georgia Strait",14,"2004",417158.233139953
"647","6 - Georgia Strait",14,"2005",255192.355036688
"648","6 - Georgia Strait",14,"2006",346225.610963196
"649","6 - Georgia Strait",14,"2007",194152.411498366
"650","6 - Georgia Strait",14,"2008",160683.184803361
"651","6 - Georgia Strait",14,"2009",186454.848335312
"652","6 - Georgia Strait",14,"2010",88751.2173854902
"653","6 - Georgia Strait",14,"2011",408048.170925508
"654","6 - Georgia Strait",14,"2012",285784.119202842
"655","6 - Georgia Strait",14,"2013",266803.251456419
"656","6 - Georgia Strait",14,"2014",105988.09577549
"657","6 - Georgia Strait",14,"2015",177305.002424947
"658","6 - Georgia Strait",14,"2016",383364.665093075
"659","6 - Georgia Strait",14,"2017",96789.8577910019
"660","6 - Georgia Strait",14,"2018",85490.2565063345
"661","6 - Georgia Strait",15,"1953",83819.9398951096
"662","6 - Georgia Strait",15,"1954",71246.8032306843
"663","6 - Georgia Strait",15,"1955",23132.6528947529
"664","6 - Georgia Strait",15,"1956",44498.8206365431
"665","6 - Georgia Strait",15,"1957",71122.0306980452
"666","6 - Georgia Strait",15,"1958",45565.2597914903
"667","6 - Georgia Strait",15,"1959",30032.76825671
"668","6 - Georgia Strait",15,"1960",20995.7717483313
"669","6 - Georgia Strait",15,"1961",17604.2008894093
"670","6 - Georgia Strait",15,"1962",18033.8698242271
"671","6 - Georgia Strait",15,"1963",16115.2654699253
"672","6 - Georgia Strait",15,"1964",24998.7165887015
"673","6 - Georgia Strait",15,"1965",17233.9842698419
"674","6 - Georgia Strait",15,"1966",22101.177775403
"675","6 - Georgia Strait",15,"1967",18367.7584983595
"676","6 - Georgia Strait",15,"1968",75671.4220178034
"677","6 - Georgia Strait",15,"1969",26250.5644615499
"678","6 - Georgia Strait",15,"1970",14614.6468936527
"679","6 - Georgia Strait",15,"1971",27375.0647092699
"680","6 - Georgia Strait",15,"1972",45696.9996242537
"681","6 - Georgia Strait",15,"1973",15868.6785716945
"682","6 - Georgia Strait",15,"1974",29475.9272806391
"683","6 - Georgia Strait",15,"1975",23352.7097987449
"684","6 - Georgia Strait",15,"1976",17629.3409027453
"685","6 - Georgia Strait",15,"1977",38006.5310306142
"686","6 - Georgia Strait",15,"1978",36604.5148002608
"687","6 - Georgia Strait",15,"1979",29256.3252921674
"688","6 - Georgia Strait",15,"1980",34757.4291870503
"689","6 - Georgia Strait",15,"1981",38944.9303450071
"690","6 - Georgia Strait",15,"1982",26628.052314825
"691","6 - Georgia Strait",15,"1983",46682.0325005585
"692","6 - Georgia Strait",15,"1984",67519.5679064691
"693","6 - Georgia Strait",15,"1985",84342.766027798
"694","6 - Georgia Strait",15,"1986",37989.5804137676
"695","6 - Georgia Strait",15,"1987",31937.9106567801
"696","6 - Georgia Strait",15,"1988",25344.1972715711
"697","6 - Georgia Strait",15,"1989",13296.8163153828
"698","6 - Georgia Strait",15,"1990",36642.6078026933
"699","6 - Georgia Strait",15,"1991",40123.4062653681
"700","6 - Georgia Strait",15,"1992",35416.0915535978
"701","6 - Georgia Strait",15,"1993",110604.559098824
"702","6 - Georgia Strait",15,"1994",71501.9446300165
"703","6 - Georgia Strait",15,"1995",35692.978065363
"704","6 - Georgia Strait",15,"1996",20064.2859772605
"705","6 - Georgia Strait",15,"1997",22714.661682826
"706","6 - Georgia Strait",15,"1998",79552.0281483351
"707","6 - Georgia Strait",15,"1999",46648.8743833888
"708","6 - Georgia Strait",15,"2000",15167.5538818112
"709","6 - Georgia Strait",15,"2001",84864.4336277575
"710","6 - Georgia Strait",15,"2002",76585.5903695894
"711","6 - Georgia Strait",15,"2003",85324.5500485761
"712","6 - Georgia Strait",15,"2004",114564.831033234
"713","6 - Georgia Strait",15,"2005",54783.562593457
"714","6 - Georgia Strait",15,"2006",43202.9833036657
"715","6 - Georgia Strait",15,"2007",30002.861345657
"716","6 - Georgia Strait",15,"2008",26161.3854535501
"717","6 - Georgia Strait",15,"2009",28841.6753038299
"718","6 - Georgia Strait",15,"2010",18176.0737426828
"719","6 - Georgia Strait",15,"2011",64392.183454492
"720","6 - Georgia Strait",15,"2012",67857.5730223359
"721","6 - Georgia Strait",15,"2013",61557.8655978906
"722","6 - Georgia Strait",15,"2014",23992.5537927083
"723","6 - Georgia Strait",15,"2015",30713.3405417904
"724","6 - Georgia Strait",15,"2016",74523.5478997222
"725","6 - Georgia Strait",15,"2017",26620.5274014235
"726","6 - Georgia Strait",15,"2018",25603.3557974587
"727","6 - Georgia Strait",16,"1953",38486.0527300838
"728","6 - Georgia Strait",16,"1954",38197.948875917
"729","6 - Georgia Strait",16,"1955",21133.5206431154
"730","6 - Georgia Strait",16,"1956",16830.9129363587
"731","6 - Georgia Strait",16,"1957",61981.2457507579
"732","6 - Georgia Strait",16,"1958",52911.5911705971
"733","6 - Georgia Strait",16,"1959",91633.1900994723
"734","6 - Georgia Strait",16,"1960",63232.8962649133
"735","6 - Georgia Strait",16,"1961",53691.2909560313
"736","6 - Georgia Strait",16,"1962",33540.9428093625
"737","6 - Georgia Strait",16,"1963",16436.8636474144
"738","6 - Georgia Strait",16,"1964",28699.3626270912
"739","6 - Georgia Strait",16,"1965",9735.45188175853
"740","6 - Georgia Strait",16,"1966",18308.0772161093
"741","6 - Georgia Strait",16,"1967",14447.6041399899
"742","6 - Georgia Strait",16,"1968",69734.7245828378
"743","6 - Georgia Strait",16,"1969",71769.9090142876
"744","6 - Georgia Strait",16,"1970",51618.5877870592
"745","6 - Georgia Strait",16,"1971",36640.6024535474
"746","6 - Georgia Strait",16,"1972",85331.2505775795
"747","6 - Georgia Strait",16,"1973",79814.5164762285
"748","6 - Georgia Strait",16,"1974",84230.0266442609
"749","6 - Georgia Strait",16,"1975",34065.0096611635
"750","6 - Georgia Strait",16,"1976",30531.156837875
"751","6 - Georgia Strait",16,"1977",81527.2068169649
"752","6 - Georgia Strait",16,"1978",37801.8255560408
"753","6 - Georgia Strait",16,"1979",26809.853557525
"754","6 - Georgia Strait",16,"1980",64175.706608615
"755","6 - Georgia Strait",16,"1981",60514.5329872512
"756","6 - Georgia Strait",16,"1982",37250.3703359761
"757","6 - Georgia Strait",16,"1983",41251.6026025184
"758","6 - Georgia Strait",16,"1984",77907.2830702104
"759","6 - Georgia Strait",16,"1985",108109.961751159
"760","6 - Georgia Strait",16,"1986",65494.8701351173
"761","6 - Georgia Strait",16,"1987",94902.3491720849
"762","6 - Georgia Strait",16,"1988",105306.852047664
"763","6 - Georgia Strait",16,"1989",53085.6678313035
"764","6 - Georgia Strait",16,"1990",141937.57161018
"765","6 - Georgia Strait",16,"1991",63077.3967373712
"766","6 - Georgia Strait",16,"1992",136381.848007215
"767","6 - Georgia Strait",16,"1993",134702.62265839
"768","6 - Georgia Strait",16,"1994",111784.220443281
"769","6 - Georgia Strait",16,"1995",37697.2496475104
"770","6 - Georgia Strait",16,"1996",43325.7975731734
"771","6 - Georgia Strait",16,"1997",55877.3583548449
"772","6 - Georgia Strait",16,"1998",138845.60663535
"773","6 - Georgia Strait",16,"1999",21213.7258893329
"774","6 - Georgia Strait",16,"2000",8262.25069964144
"775","6 - Georgia Strait",16,"2001",84633.6690037259
"776","6 - Georgia Strait",16,"2002",92609.625080714
"777","6 - Georgia Strait",16,"2003",57643.6969446323
"778","6 - Georgia Strait",16,"2004",73808.0551826274
"779","6 - Georgia Strait",16,"2005",54165.6464991766
"780","6 - Georgia Strait",16,"2006",53469.7758205538
"781","6 - Georgia Strait",16,"2007",45012.8218664329
"782","6 - Georgia Strait",16,"2008",24264.5468221199
"783","6 - Georgia Strait",16,"2009",49363.4690001642
"784","6 - Georgia Strait",16,"2010",8444.50903581904
"785","6 - Georgia Strait",16,"2011",57660.5969021993
"786","6 - Georgia Strait",16,"2012",97217.5300172522
"787","6 - Georgia Strait",16,"2013",78245.787661972
"788","6 - Georgia Strait",16,"2014",46214.0415847716
"789","6 - Georgia Strait",16,"2015",38874.4145265525
"790","6 - Georgia Strait",16,"2016",158254.021804601
"791","6 - Georgia Strait",16,"2017",56633.1564819906
"792","6 - Georgia Strait",16,"2018",13040.5585110553
"793","6 - Georgia Strait",17,"1953",91047.9777931556
"794","6 - Georgia Strait",17,"1954",142871.697987577
"795","6 - Georgia Strait",17,"1955",39635.3942573565
"796","6 - Georgia Strait",17,"1956",52086.3552196058
"797","6 - Georgia Strait",17,"1957",118731.017702627
"798","6 - Georgia Strait",17,"1958",186324.178854037
"799","6 - Georgia Strait",17,"1959",28865.862530034
"800","6 - Georgia Strait",17,"1960",15794.5447588716
"801","6 - Georgia Strait",17,"1961",18038.5321207158
"802","6 - Georgia Strait",17,"1962",24957.4410214535
"803","6 - Georgia Strait",17,"1963",19124.4770219427
"804","6 - Georgia Strait",17,"1964",34103.1335579152
"805","6 - Georgia Strait",17,"1965",31315.1961833063
"806","6 - Georgia Strait",17,"1966",131752.46566031
"807","6 - Georgia Strait",17,"1967",42943.7057361851
"808","6 - Georgia Strait",17,"1968",62865.7537983532
"809","6 - Georgia Strait",17,"1969",59386.7410375696
"810","6 - Georgia Strait",17,"1970",63476.071318433
"811","6 - Georgia Strait",17,"1971",37538.3642554447
"812","6 - Georgia Strait",17,"1972",133196.001935817
"813","6 - Georgia Strait",17,"1973",94578.7373220407
"814","6 - Georgia Strait",17,"1974",74643.4963525789
"815","6 - Georgia Strait",17,"1975",26421.0575213297
"816","6 - Georgia Strait",17,"1976",23738.1336497584
"817","6 - Georgia Strait",17,"1977",92534.1637562892
"818","6 - Georgia Strait",17,"1978",87531.6672406506
"819","6 - Georgia Strait",17,"1979",66906.8118662042
"820","6 - Georgia Strait",17,"1980",82147.0812050939
"821","6 - Georgia Strait",17,"1981",75950.0890757864
"822","6 - Georgia Strait",17,"1982",130918.446990601
"823","6 - Georgia Strait",17,"1983",99340.1416115769
"824","6 - Georgia Strait",17,"1984",126393.791795622
"825","6 - Georgia Strait",17,"1985",142544.672111707
"826","6 - Georgia Strait",17,"1986",47226.2978360226
"827","6 - Georgia Strait",17,"1987",89831.0334476323
"828","6 - Georgia Strait",17,"1988",79150.7142138444
"829","6 - Georgia Strait",17,"1989",41283.1868587367
"830","6 - Georgia Strait",17,"1990",86045.6891177168
"831","6 - Georgia Strait",17,"1991",86184.2092850487
"832","6 - Georgia Strait",17,"1992",126087.686460225
"833","6 - Georgia Strait",17,"1993",108142.829923405
"834","6 - Georgia Strait",17,"1994",63277.9229804221
"835","6 - Georgia Strait",17,"1995",35653.9728735627
"836","6 - Georgia Strait",17,"1996",57328.7665508462
"837","6 - Georgia Strait",17,"1997",41685.8930034024
"838","6 - Georgia Strait",17,"1998",75414.212985383
"839","6 - Georgia Strait",17,"1999",51922.8103555652
"840","6 - Georgia Strait",17,"2000",41830.8100274225
"841","6 - Georgia Strait",17,"2001",90557.6207287723
"842","6 - Georgia Strait",17,"2002",64880.5490789871
"843","6 - Georgia Strait",17,"2003",91303.330229823
"844","6 - Georgia Strait",17,"2004",89019.4736992845
"845","6 - Georgia Strait",17,"2005",52475.2064704412
"846","6 - Georgia Strait",17,"2006",76610.7054437403
"847","6 - Georgia Strait",17,"2007",49435.4401683556
"848","6 - Georgia Strait",17,"2008",60608.8366796417
"849","6 - Georgia Strait",17,"2009",81176.0791238125
"850","6 - Georgia Strait",17,"2010",28155.3736491269
"851","6 - Georgia Strait",17,"2011",93782.2412659733
"852","6 - Georgia Strait",17,"2012",99322.4943109529
"853","6 - Georgia Strait",17,"2013",113923.605371884
"854","6 - Georgia Strait",17,"2014",80665.7691638551
"855","6 - Georgia Strait",17,"2015",70206.6059661918
"856","6 - Georgia Strait",17,"2016",197108.321827607
"857","6 - Georgia Strait",17,"2017",134349.481926799
"858","6 - Georgia Strait",17,"2018",165927.72492504
"859","6 - Georgia Strait",18,"1953",31032.4041931146
"860","6 - Georgia Strait",18,"1954",78541.1309499508
"861","6 - Georgia Strait",18,"1955",36519.4605934623
"862","6 - Georgia Strait",18,"1956",36518.4786477545
"863","6 - Georgia Strait",18,"1957",36534.7506663168
"864","6 - Georgia Strait",18,"1958",78543.1754857942
"865","6 - Georgia Strait",18,"1959",78532.1375504676
"866","6 - Georgia Strait",18,"1960",16522.0863413001
"867","6 - Georgia Strait",18,"1961",42517.1424790725
"868","6 - Georgia Strait",18,"1962",90022.6418410474
"869","6 - Georgia Strait",18,"1963",38519.7322761783
"870","6 - Georgia Strait",18,"1964",38520.0906948027
"871","6 - Georgia Strait",18,"1965",38511.6892113504
"872","6 - Georgia Strait",18,"1966",82532.2009820064
"873","6 - Georgia Strait",18,"1967",78522.1662357281
"874","6 - Georgia Strait",18,"1968",103525
"875","6 - Georgia Strait",18,"1969",78537.3454345341
"876","6 - Georgia Strait",18,"1970",36536.6703579034
"877","6 - Georgia Strait",18,"1971",16522.5733014646
"878","6 - Georgia Strait",18,"1972",94100
"879","6 - Georgia Strait",18,"1973",80047.4250516326
"880","6 - Georgia Strait",18,"1974",80039.865177284
"881","6 - Georgia Strait",18,"1975",55025.6372695225
"882","6 - Georgia Strait",18,"1976",44022.651883565
"883","6 - Georgia Strait",18,"1977",82539.5439355843
"884","6 - Georgia Strait",18,"1978",157551.354775298
"885","6 - Georgia Strait",18,"1979",28028.6186915387
"886","6 - Georgia Strait",18,"1980",113544.936994961
"887","6 - Georgia Strait",18,"1981",72041.1979536965
"888","6 - Georgia Strait",18,"1982",112046.027772069
"889","6 - Georgia Strait",18,"1983",75045.7175299667
"890","6 - Georgia Strait",18,"1984",82052.8644385479
"891","6 - Georgia Strait",18,"1985",198083.034290799
"892","6 - Georgia Strait",18,"1986",75060.9016363205
"893","6 - Georgia Strait",18,"1987",183055.644543743
"894","6 - Georgia Strait",18,"1988",172553.138424758
"895","6 - Georgia Strait",18,"1989",46025.805994714
"896","6 - Georgia Strait",18,"1990",133054.862524573
"897","6 - Georgia Strait",18,"1991",155051.015841172
"898","6 - Georgia Strait",18,"1992",115063.097101618
"899","6 - Georgia Strait",18,"1993",189884.723952395
"900","6 - Georgia Strait",18,"1994",107912.48160063
"901","6 - Georgia Strait",18,"1995",55040
"902","6 - Georgia Strait",18,"1996",73528.7162299294
"903","6 - Georgia Strait",18,"1997",50113.9606986527
"904","6 - Georgia Strait",18,"1998",101010.09293853
"905","6 - Georgia Strait",18,"1999",34782.8857273302
"906","6 - Georgia Strait",18,"2000",29350.1775078457
"907","6 - Georgia Strait",18,"2001",121091.671994889
"908","6 - Georgia Strait",18,"2002",88013.6682811601
"909","6 - Georgia Strait",18,"2003",154054.73308135
"910","6 - Georgia Strait",18,"2004",190485.468895539
"911","6 - Georgia Strait",18,"2005",120697.706537754
"912","6 - Georgia Strait",18,"2006",161739.962939754
"913","6 - Georgia Strait",18,"2007",285704.226776548
"914","6 - Georgia Strait",18,"2008",159379.662882613
"915","6 - Georgia Strait",18,"2009",139673.691928196
"916","6 - Georgia Strait",18,"2010",162840.901861126
"917","6 - Georgia Strait",18,"2011",134472.646763645
"918","6 - Georgia Strait",18,"2012",269672.39254639
"919","6 - Georgia Strait",18,"2013",136455.644062042
"920","6 - Georgia Strait",18,"2014",226893.861731991
"921","6 - Georgia Strait",18,"2015",122837.854459686
"922","6 - Georgia Strait",18,"2016",239076.869836946
"923","6 - Georgia Strait",18,"2017",233019.610468247
"924","6 - Georgia Strait",18,"2018",186055.000613841
"925","6 - Georgia Strait",19,"1953",7542.03727816957
"926","6 - Georgia Strait",19,"1954",15053.3583162631
"927","6 - Georgia Strait",19,"1955",3525.2458185836
"928","6 - Georgia Strait",19,"1956",3523.97196107012
"929","6 - Georgia Strait",19,"1957",7545.08130850133
"930","6 - Georgia Strait",19,"1958",7556.01064961002
"931","6 - Georgia Strait",19,"1959",3541.69136827185
"932","6 - Georgia Strait",19,"1960",2228.65214602617
"933","6 - Georgia Strait",19,"1961",7022.23857754261
"934","6 - Georgia Strait",19,"1962",7529.37278416453
"935","6 - Georgia Strait",19,"1963",3525.59826685674
"936","6 - Georgia Strait",19,"1964",5526.06323579954
"937","6 - Georgia Strait",19,"1965",12075
"938","6 - Georgia Strait",19,"1966",10000
"939","6 - Georgia Strait",19,"1967",7025
"940","6 - Georgia Strait",19,"1968",7200
"941","6 - Georgia Strait",19,"1969",8200
"942","6 - Georgia Strait",19,"1970",7575
"943","6 - Georgia Strait",19,"1971",3529.28386920539
"944","6 - Georgia Strait",19,"1972",3562.97504975066
"945","6 - Georgia Strait",19,"1973",7561.52352199091
"946","6 - Georgia Strait",19,"1974",7551.71625600549
"947","6 - Georgia Strait",19,"1975",1533.25869052238
"948","6 - Georgia Strait",19,"1976",3529.38581211139
"949","6 - Georgia Strait",19,"1977",7551.29951590516
"950","6 - Georgia Strait",19,"1978",28566.6214698481
"951","6 - Georgia Strait",19,"1979",8037.12642659564
"952","6 - Georgia Strait",19,"1980",26058.2958184021
"953","6 - Georgia Strait",19,"1981",32053.4452388131
"954","6 - Georgia Strait",19,"1982",16059.7108606023
"955","6 - Georgia Strait",19,"1983",14059.3083900481
"956","6 - Georgia Strait",19,"1984",21004
"957","6 - Georgia Strait",19,"1985",16607.7186389913
"958","6 - Georgia Strait",19,"1986",42079.0064118533
"959","6 - Georgia Strait",19,"1987",53072.1864962245
"960","6 - Georgia Strait",19,"1988",43568.9353607775
"961","6 - Georgia Strait",19,"1989",14533.4775741645
"962","6 - Georgia Strait",19,"1990",37425.1719992038
"963","6 - Georgia Strait",19,"1991",34066.1817777356
"964","6 - Georgia Strait",19,"1992",17081.8545428067
"965","6 - Georgia Strait",19,"1993",22109.5962471131
"966","6 - Georgia Strait",19,"1994",45006
"967","6 - Georgia Strait",19,"1995",22340.4947998103
"968","6 - Georgia Strait",19,"1996",27550
"969","6 - Georgia Strait",19,"1997",42056.2766674093
"970","6 - Georgia Strait",19,"1998",40510
"971","6 - Georgia Strait",19,"1999",32652.6333472614
"972","6 - Georgia Strait",19,"2000",10520.3603098249
"973","6 - Georgia Strait",19,"2001",62089.0449419686
"974","6 - Georgia Strait",19,"2002",51088.714765591
"975","6 - Georgia Strait",19,"2003",21476.6654862131
"976","6 - Georgia Strait",19,"2004",16458.7952769597
"977","6 - Georgia Strait",19,"2005",9565.06532984373
"978","6 - Georgia Strait",19,"2006",20791.5289526236
"979","6 - Georgia Strait",19,"2007",18247.7722604938
"980","6 - Georgia Strait",19,"2008",30762.1960746148
"981","6 - Georgia Strait",19,"2009",17181.4317222433
"982","6 - Georgia Strait",19,"2010",3729.26275280588
"983","6 - Georgia Strait",19,"2011",43082.2328682924
"984","6 - Georgia Strait",19,"2012",41887.7323292507
"985","6 - Georgia Strait",19,"2013",23071.0412447808
"986","6 - Georgia Strait",19,"2014",33553.8545845905
"987","6 - Georgia Strait",19,"2015",29049.1077943567
"988","6 - Georgia Strait",19,"2016",13410.8910853558
"989","6 - Georgia Strait",19,"2017",13887.8478702692
"990","6 - Georgia Strait",19,"2018",61254.3623206999
"991","6 - Georgia Strait",29,"1953",2012.79071105365
"992","6 - Georgia Strait",29,"1954",827.549624327321
"993","6 - Georgia Strait",29,"1955",507.960501400578
"994","6 - Georgia Strait",29,"1956",492.421381634409
"995","6 - Georgia Strait",29,"1957",624.923240709721
"996","6 - Georgia Strait",29,"1958",758.24454129118
"997","6 - Georgia Strait",29,"1959",533.57113761459
"998","6 - Georgia Strait",29,"1960",424.512503514281
"999","6 - Georgia Strait",29,"1961",346.276745009384
"1000","6 - Georgia Strait",29,"1962",383.303190244544
"1001","6 - Georgia Strait",29,"1963",337.259833052396
"1002","6 - Georgia Strait",29,"1964",392.931745344945
"1003","6 - Georgia Strait",29,"1965",209.979733296405
"1004","6 - Georgia Strait",29,"1966",584.574930666934
"1005","6 - Georgia Strait",29,"1967",445.981920462073
"1006","6 - Georgia Strait",29,"1968",1042.23922392323
"1007","6 - Georgia Strait",29,"1969",615.984995726464
"1008","6 - Georgia Strait",29,"1970",780.30202564708
"1009","6 - Georgia Strait",29,"1971",557.218563287121
"1010","6 - Georgia Strait",29,"1972",1168.19960631171
"1011","6 - Georgia Strait",29,"1973",950.493180385778
"1012","6 - Georgia Strait",29,"1974",880.859485790465
"1013","6 - Georgia Strait",29,"1975",805.705324043371
"1014","6 - Georgia Strait",29,"1976",558.462111336113
"1015","6 - Georgia Strait",29,"1977",725.775891854864
"1016","6 - Georgia Strait",29,"1978",862.680372812544
"1017","6 - Georgia Strait",29,"1979",527.885808069321
"1018","6 - Georgia Strait",29,"1980",911.120116990068
"1019","6 - Georgia Strait",29,"1981",796.950440341386
"1020","6 - Georgia Strait",29,"1982",933.381474708445
"1021","6 - Georgia Strait",29,"1983",1099.47194748305
"1022","6 - Georgia Strait",29,"1984",1602.57053074968
"1023","6 - Georgia Strait",29,"1985",1609.00318686824
"1024","6 - Georgia Strait",29,"1986",1186.04496920583
"1025","6 - Georgia Strait",29,"1987",1126.56521114642
"1026","6 - Georgia Strait",29,"1988",1139.90631480044
"1027","6 - Georgia Strait",29,"1989",431.470131085506
"1028","6 - Georgia Strait",29,"1990",797.370513647475
"1029","6 - Georgia Strait",29,"1991",868.606443475659
"1030","6 - Georgia Strait",29,"1992",1077.45752141703
"1031","6 - Georgia Strait",29,"1993",1699.7600276365
"1032","6 - Georgia Strait",29,"1994",1350.4410394234
"1033","6 - Georgia Strait",29,"1995",628.045611577483
"1034","6 - Georgia Strait",29,"1996",3485.71164158054
"1035","6 - Georgia Strait",29,"1997",2689.68452120087
"1036","6 - Georgia Strait",29,"1998",1879.11733669908
"1037","6 - Georgia Strait",29,"1999",816.305869519472
"1038","6 - Georgia Strait",29,"2000",315.773958528249
"1039","6 - Georgia Strait",29,"2001",1334.23219795886
"1040","6 - Georgia Strait",29,"2002",1463.34422653326
"1041","6 - Georgia Strait",29,"2003",1189.02729242063
"1042","6 - Georgia Strait",29,"2004",1625.36085958452
"1043","6 - Georgia Strait",29,"2005",931.57064593518
"1044","6 - Georgia Strait",29,"2006",1109.3633011262
"1045","6 - Georgia Strait",29,"2007",973.553219588439
"1046","6 - Georgia Strait",29,"2008",747.486919280623
"1047","6 - Georgia Strait",29,"2009",797.669518113715
"1048","6 - Georgia Strait",29,"2010",484.863113227783
"1049","6 - Georgia Strait",29,"2011",1275.37343808011
"1050","6 - Georgia Strait",29,"2012",1360.6661753477
"1051","6 - Georgia Strait",29,"2013",1101.79929854076
"1052","6 - Georgia Strait",29,"2014",835.246393952815
"1053","6 - Georgia Strait",29,"2015",761.627045557409
"1054","6 - Georgia Strait",29,"2016",1719.84205001583
"1055","6 - Georgia Strait",29,"2017",873.19105987455
"1056","6 - Georgia Strait",29,"2018",843.121020739714
"1057","7 - Howe Sound-Burrard Inlet",16,"1953",7517.59606962445
"1058","7 - Howe Sound-Burrard Inlet",16,"1954",7542.71696251918
"1059","7 - Howe Sound-Burrard Inlet",16,"1955",1518.35263632783
"1060","7 - Howe Sound-Burrard Inlet",16,"1956",1509.17879940538
"1061","7 - Howe Sound-Burrard Inlet",16,"1957",7549.42635817273
"1062","7 - Howe Sound-Burrard Inlet",16,"1958",7554.61934457409
"1063","7 - Howe Sound-Burrard Inlet",16,"1959",3613.13687295348
"1064","7 - Howe Sound-Burrard Inlet",16,"1960",35037.4642465712
"1065","7 - Howe Sound-Burrard Inlet",16,"1961",15022.1522741376
"1066","7 - Howe Sound-Burrard Inlet",16,"1962",7535.27477761578
"1067","7 - Howe Sound-Burrard Inlet",16,"1963",7529.97998340976
"1068","7 - Howe Sound-Burrard Inlet",16,"1964",7526.7458658677
"1069","7 - Howe Sound-Burrard Inlet",16,"1965",7511.32229000217
"1070","7 - Howe Sound-Burrard Inlet",16,"1966",7518.98314293897
"1071","7 - Howe Sound-Burrard Inlet",16,"1967",5028.20714785367
"1072","7 - Howe Sound-Burrard Inlet",16,"1968",15078.5237426021
"1073","7 - Howe Sound-Burrard Inlet",16,"1969",18048.6455765036
"1074","7 - Howe Sound-Burrard Inlet",16,"1970",16080.544173128
"1075","7 - Howe Sound-Burrard Inlet",16,"1971",7026.80190492673
"1076","7 - Howe Sound-Burrard Inlet",16,"1972",8204.55276922699
"1077","7 - Howe Sound-Burrard Inlet",16,"1973",14159.4821003295
"1078","7 - Howe Sound-Burrard Inlet",16,"1974",9089.67634529348
"1079","7 - Howe Sound-Burrard Inlet",16,"1975",8043.67316100407
"1080","7 - Howe Sound-Burrard Inlet",16,"1976",4477.85251216271
"1081","7 - Howe Sound-Burrard Inlet",16,"1977",21587.1048778905
"1082","7 - Howe Sound-Burrard Inlet",16,"1978",23543.4474107119
"1083","7 - Howe Sound-Burrard Inlet",16,"1979",8023.65639200262
"1084","7 - Howe Sound-Burrard Inlet",16,"1980",25147.8535129894
"1085","7 - Howe Sound-Burrard Inlet",16,"1981",15089.2122448349
"1086","7 - Howe Sound-Burrard Inlet",16,"1982",2286.08774617866
"1087","7 - Howe Sound-Burrard Inlet",16,"1983",10065.2822882553
"1088","7 - Howe Sound-Burrard Inlet",16,"1984",8593.44918637154
"1089","7 - Howe Sound-Burrard Inlet",16,"1985",7696.74477849592
"1090","7 - Howe Sound-Burrard Inlet",16,"1986",8792.99440976982
"1091","7 - Howe Sound-Burrard Inlet",16,"1987",2822
"1092","7 - Howe Sound-Burrard Inlet",16,"1988",2043.04718991361
"1093","7 - Howe Sound-Burrard Inlet",16,"1989",787.681690129335
"1094","7 - Howe Sound-Burrard Inlet",16,"1990",4011.78431275104
"1095","7 - Howe Sound-Burrard Inlet",16,"1991",2104
"1096","7 - Howe Sound-Burrard Inlet",16,"1992",6025
"1097","7 - Howe Sound-Burrard Inlet",16,"1993",2525
"1098","7 - Howe Sound-Burrard Inlet",16,"1994",9269.57473770312
"1099","7 - Howe Sound-Burrard Inlet",16,"1995",3916.58917634842
"1100","7 - Howe Sound-Burrard Inlet",16,"1996",6081.23181882757
"1101","7 - Howe Sound-Burrard Inlet",16,"1997",936.906643566834
"1102","7 - Howe Sound-Burrard Inlet",16,"1998",3528
"1103","7 - Howe Sound-Burrard Inlet",16,"1999",846.609211621381
"1104","7 - Howe Sound-Burrard Inlet",16,"2000",428.467686452408
"1105","7 - Howe Sound-Burrard Inlet",16,"2001",1100
"1106","7 - Howe Sound-Burrard Inlet",16,"2002",1514
"1107","7 - Howe Sound-Burrard Inlet",16,"2003",2302
"1108","7 - Howe Sound-Burrard Inlet",16,"2004",5652
"1109","7 - Howe Sound-Burrard Inlet",16,"2005",1346
"1110","7 - Howe Sound-Burrard Inlet",16,"2006",902
"1111","7 - Howe Sound-Burrard Inlet",16,"2007",143
"1112","7 - Howe Sound-Burrard Inlet",16,"2008",445
"1113","7 - Howe Sound-Burrard Inlet",16,"2009",560
"1114","7 - Howe Sound-Burrard Inlet",16,"2010",224
"1115","7 - Howe Sound-Burrard Inlet",16,"2011",1931.99177152098
"1116","7 - Howe Sound-Burrard Inlet",16,"2012",29154.6296119756
"1117","7 - Howe Sound-Burrard Inlet",16,"2013",650
"1118","7 - Howe Sound-Burrard Inlet",16,"2014",8989.78959029037
"1119","7 - Howe Sound-Burrard Inlet",16,"2015",14076.0241809739
"1120","7 - Howe Sound-Burrard Inlet",16,"2016",43024.2923657947
"1121","7 - Howe Sound-Burrard Inlet",16,"2017",7680.17210896797
"1122","7 - Howe Sound-Burrard Inlet",16,"2018",3651.41708864702
"1123","7 - Howe Sound-Burrard Inlet",28,"1953",32207.1019034461
"1124","7 - Howe Sound-Burrard Inlet",28,"1954",88894.6392550325
"1125","7 - Howe Sound-Burrard Inlet",28,"1955",39914.3622081136
"1126","7 - Howe Sound-Burrard Inlet",28,"1956",19212.780246919
"1127","7 - Howe Sound-Burrard Inlet",28,"1957",104034.989493013
"1128","7 - Howe Sound-Burrard Inlet",28,"1958",115753.42688403
"1129","7 - Howe Sound-Burrard Inlet",28,"1959",251803.453514401
"1130","7 - Howe Sound-Burrard Inlet",28,"1960",49541.4168101065
"1131","7 - Howe Sound-Burrard Inlet",28,"1961",34988.5841184281
"1132","7 - Howe Sound-Burrard Inlet",28,"1962",72100.6846588665
"1133","7 - Howe Sound-Burrard Inlet",28,"1963",60152.5088682861
"1134","7 - Howe Sound-Burrard Inlet",28,"1964",52854.4339259316
"1135","7 - Howe Sound-Burrard Inlet",28,"1965",18049.7581273516
"1136","7 - Howe Sound-Burrard Inlet",28,"1966",35337.1566612811
"1137","7 - Howe Sound-Burrard Inlet",28,"1967",58651.9471754792
"1138","7 - Howe Sound-Burrard Inlet",28,"1968",162195.834972777
"1139","7 - Howe Sound-Burrard Inlet",28,"1969",91773.0859564128
"1140","7 - Howe Sound-Burrard Inlet",28,"1970",165755.116817557
"1141","7 - Howe Sound-Burrard Inlet",28,"1971",53480.8910652153
"1142","7 - Howe Sound-Burrard Inlet",28,"1972",453591.584125344
"1143","7 - Howe Sound-Burrard Inlet",28,"1973",345885.596313025
"1144","7 - Howe Sound-Burrard Inlet",28,"1974",193362.678535302
"1145","7 - Howe Sound-Burrard Inlet",28,"1975",90552.3864957293
"1146","7 - Howe Sound-Burrard Inlet",28,"1976",171281.14356568
"1147","7 - Howe Sound-Burrard Inlet",28,"1977",175059.932786467
"1148","7 - Howe Sound-Burrard Inlet",28,"1978",160331.353057496
"1149","7 - Howe Sound-Burrard Inlet",28,"1979",45382.760352959
"1150","7 - Howe Sound-Burrard Inlet",28,"1980",308644.650899444
"1151","7 - Howe Sound-Burrard Inlet",28,"1981",186315.394420487
"1152","7 - Howe Sound-Burrard Inlet",28,"1982",192064.684279546
"1153","7 - Howe Sound-Burrard Inlet",28,"1983",137315.311178467
"1154","7 - Howe Sound-Burrard Inlet",28,"1984",202376.431228345
"1155","7 - Howe Sound-Burrard Inlet",28,"1985",436472.156023684
"1156","7 - Howe Sound-Burrard Inlet",28,"1986",275983.769033055
"1157","7 - Howe Sound-Burrard Inlet",28,"1987",110969.150251619
"1158","7 - Howe Sound-Burrard Inlet",28,"1988",133518.844434776
"1159","7 - Howe Sound-Burrard Inlet",28,"1989",84282.097610074
"1160","7 - Howe Sound-Burrard Inlet",28,"1990",125916.986135068
"1161","7 - Howe Sound-Burrard Inlet",28,"1991",164151.799149299
"1162","7 - Howe Sound-Burrard Inlet",28,"1992",204123.654995922
"1163","7 - Howe Sound-Burrard Inlet",28,"1993",147618.533974951
"1164","7 - Howe Sound-Burrard Inlet",28,"1994",293340.041089142
"1165","7 - Howe Sound-Burrard Inlet",28,"1995",123132.389581041
"1166","7 - Howe Sound-Burrard Inlet",28,"1996",191272.452257543
"1167","7 - Howe Sound-Burrard Inlet",28,"1997",285566.170126749
"1168","7 - Howe Sound-Burrard Inlet",28,"1998",114841.853461362
"1169","7 - Howe Sound-Burrard Inlet",28,"1999",72771.5970382329
"1170","7 - Howe Sound-Burrard Inlet",28,"2000",332492.998876208
"1171","7 - Howe Sound-Burrard Inlet",28,"2001",569239.291635591
"1172","7 - Howe Sound-Burrard Inlet",28,"2002",590393.765655407
"1173","7 - Howe Sound-Burrard Inlet",28,"2003",672671.60601354
"1174","7 - Howe Sound-Burrard Inlet",28,"2004",1267675.34418598
"1175","7 - Howe Sound-Burrard Inlet",28,"2005",315543.97639977
"1176","7 - Howe Sound-Burrard Inlet",28,"2006",48887.5826142457
"1177","7 - Howe Sound-Burrard Inlet",28,"2007",628795.902571393
"1178","7 - Howe Sound-Burrard Inlet",28,"2008",459700.67060392
"1179","7 - Howe Sound-Burrard Inlet",28,"2009",713628.586792519
"1180","7 - Howe Sound-Burrard Inlet",28,"2010",231669.261662085
"1181","7 - Howe Sound-Burrard Inlet",28,"2011",232838.715751499
"1182","7 - Howe Sound-Burrard Inlet",28,"2012",928221.204179021
"1183","7 - Howe Sound-Burrard Inlet",28,"2013",1155611.5053222
"1184","7 - Howe Sound-Burrard Inlet",28,"2014",282160.535799477
"1185","7 - Howe Sound-Burrard Inlet",28,"2015",436180.040965488
"1186","7 - Howe Sound-Burrard Inlet",28,"2016",1356545.4832571
"1187","7 - Howe Sound-Burrard Inlet",28,"2017",241055.861823414
"1188","7 - Howe Sound-Burrard Inlet",28,"2018",114606.219846657
